Case_ID,Latitude,Longitude,Offence,Date,District,Arrest
C100000,41.89359,-87.603209,ASSAULT,2025-09-25,4,False
C100001,41.8519,-87.611563,BURGLARY,2025-12-08,21,False
C100002,41.878795,-87.634385,THEFT,2025-10-12,20,True
C100003,41.897905,-87.595351,VANDALISM,2025-04-30,6,False
C100004,41.879888,-87.63466,ASSAULT,2025-03-17,10,False
C100005,41.855487,-87.614511,,2025-08-20,16,False
C100006,41.895114,-87.598012,NARCOTICS,2025-02-04,24,False
C100007,41.89018,-87.584571,THEFT,2025-06-28,22,False
C100008,41.846912,-87.607583,FRAUD,2025-05-14,24,False
C100009,41.829979,-87.660781,VANDALISM,2025-10-12,9,False
C100010,41.915543,-87.618775,BURGLARY,2025-07-01,14,True
C100011,41.892542,-87.601993,ROBBERY,2025-08-09,16,False
C100012,41.834715,-87.646167,ASSAULT,2025-02-16,5,False
C100013,41.854047,-87.650296,ROBBERY,2025-12-29,18,False
C100014,41.888362,-87.65813,ROBBERY,2025-11-09,9,True
C100015,41.922246,-87.689634,BURGLARY,2025-08-21,4,False
C100016,41.89432,-87.578635,NARCOTICS,2025-08-07,23,True
C100017,41.898243,-87.598586,ASSAULT,2025-05-05,7,False
C100018,41.861425,-87.647583,MOTOR VEHICLE THEFT,2025-07-15,23,False
C100019,41.855896,-87.655612,THEFT,2025-06-03,15,False
C100020,41.928518,-87.616293,MOTOR VEHICLE THEFT,2025-08-08,9,False
C100021,41.833801,-87.650728,ROBBERY,2025-11-09,7,False
C100022,41.89033,-87.663629,BURGLARY,2025-05-06,17,False
C100023,41.828812,-87.662896,BURGLARY,2025-05-15,4,False
C100024,41.879087,-87.628129,VANDALISM,2025-12-01,2,False
C100025,41.875578,-87.626111,ROBBERY,2025-12-05,4,False
C100026,41.893607,-87.682773,ASSAULT,2025-09-02,17,True
C100027,41.848296,-87.606368,ASSAULT,2025-06-10,19,True
C100028,41.881566,-87.66136,ASSAULT,2025-01-06,18,False
C100029,41.896051,-87.593427,ASSAULT,2025-12-11,12,False
C100030,41.854013,-87.609002,NARCOTICS,2025-05-13,5,False
C100031,41.879684,-87.632935,FRAUD,2025-02-24,14,True
C100032,41.891822,-87.661571,ASSAULT,2025-01-31,24,False
C100033,41.880115,-87.629414,ROBBERY,2025-10-14,16,True
C100034,41.851605,-87.596398,THEFT,2025-01-18,2,False
C100035,41.853508,-87.624468,ASSAULT,2025-06-12,8,False
C100036,41.888352,-87.662015,BURGLARY,2025-04-13,9,False
C100037,41.888902,-87.655582,MOTOR VEHICLE THEFT,2025-03-24,16,False
C100038,41.878137,-87.691786,VANDALISM,2025-06-21,3,False
C100039,41.854308,-87.652831,VANDALISM,2025-08-04,11,False
C100040,41.881908,-87.633729,ROBBERY,2025-05-16,23,True
C100041,41.848811,-87.611341,MOTOR VEHICLE THEFT,2025-01-22,3,False
C100042,41.886202,-87.660268,VANDALISM,2025-02-17,15,True
C100043,41.87509,-87.626926,BURGLARY,2025-03-14,13,False
C100044,41.848408,-87.61257,NARCOTICS,2025-10-03,7,True
C100045,41.855196,-87.650094,NARCOTICS,2025-11-06,12,False
C100046,41.873287,-87.632732,FRAUD,2025-07-21,2,False
C100047,41.877975,-87.636377,BURGLARY,2025-07-11,17,False
C100048,41.891212,-87.600446,NARCOTICS,2025-11-29,5,False
C100049,41.881531,-87.660528,BURGLARY,2025-05-04,24,False
C100050,41.851397,-87.638556,FRAUD,2025-08-30,24,False
C100051,41.875198,-87.624141,VANDALISM,2025-02-22,2,False
C100052,41.855511,-87.651539,ROBBERY,2025-04-27,13,False
C100053,41.887056,-87.664509,THEFT,2025-02-28,15,False
C100054,41.875975,-87.632481,THEFT,2025-06-26,22,False
C100055,41.867991,-87.574595,MOTOR VEHICLE THEFT,2025-03-25,17,False
C100056,41.878584,-87.628975,BURGLARY,2025-11-27,12,True
C100057,41.879331,-87.631929,ROBBERY,2025-06-18,12,False
C100058,41.891555,-87.657439,MOTOR VEHICLE THEFT,2025-01-27,10,False
C100059,41.885174,-87.66399,BURGLARY,2025-01-08,11,False
C100060,41.882636,-87.638395,ROBBERY,2025-12-14,6,False
C100061,41.893688,-87.597005,VANDALISM,2025-03-16,18,False
C100062,41.878007,-87.625357,ASSAULT,2025-08-22,15,True
C100063,41.872196,-87.629517,THEFT,2025-06-06,13,True
C100064,41.875973,-87.636929,THEFT,2025-04-26,14,False
C100065,41.848509,-87.61565,BURGLARY,2025-11-19,10,False
C100066,41.881428,-87.628705,FRAUD,2025-08-03,21,False
C100067,41.833108,-87.652235,ROBBERY,2025-11-12,16,False
C100068,41.889461,-87.600432,THEFT,2025-03-13,6,False
C100069,41.893134,-87.60143,FRAUD,2025-12-08,15,False
C100070,41.889929,-87.661554,ROBBERY,2025-01-25,10,False
C100071,41.882382,-87.63082,ROBBERY,2025-03-24,3,False
C100072,41.901622,-87.61236,ASSAULT,2025-07-07,9,True
C100073,41.85527,-87.649173,THEFT,2025-02-15,9,False
C100074,41.886739,-87.640351,ROBBERY,2025-01-15,18,False
C100075,41.893776,-87.595425,ASSAULT,2025-11-06,22,False
C100076,41.894628,-87.598664,ROBBERY,2025-03-18,10,False
C100077,41.876575,-87.631342,ROBBERY,2025-09-13,4,True
C100078,41.892285,-87.59601,ROBBERY,2025-09-20,18,False
C100079,41.878691,-87.6584,BURGLARY,2025-03-31,13,True
C100080,41.876997,-87.628886,THEFT,2025-11-15,1,False
C100081,41.925277,-87.68768,THEFT,2025-06-08,16,False
C100082,41.881594,-87.626889,MOTOR VEHICLE THEFT,2025-03-06,10,False
C100083,41.896151,-87.604068,ASSAULT,2025-12-04,3,False
C100084,41.876713,-87.627049,BURGLARY,2025-09-26,22,False
C100085,41.850385,-87.615273,BURGLARY,2025-10-26,5,False
C100086,41.886062,-87.636333,THEFT,2025-02-26,16,False
C100087,41.851158,-87.610345,NARCOTICS,2025-12-08,8,False
C100088,41.849695,-87.613298,VANDALISM,2025-12-15,10,True
C100089,41.83758,-87.636071,NARCOTICS,2025-06-30,15,False
C100090,41.830538,-87.659233,FRAUD,2025-12-22,1,True
C100091,41.856864,-87.565813,THEFT,2025-03-12,4,False
C100092,41.886409,-87.668565,THEFT,2025-05-20,5,False
C100093,41.892583,-87.597562,ASSAULT,2025-07-16,19,False
C100094,41.888909,-87.657719,FRAUD,2025-09-22,7,False
C100095,41.877656,-87.630005,THEFT,2025-02-11,17,False
C100096,41.855937,-87.610391,NARCOTICS,2025-01-06,19,False
C100097,41.89485,-87.597976,NARCOTICS,2025-02-12,20,True
C100098,41.840856,-87.629402,ASSAULT,2025-02-06,15,False
C100099,41.838554,-87.633717,THEFT,2025-02-03,6,True
C100100,41.857066,-87.651128,FRAUD,2025-10-05,6,False
C100101,41.89526,-87.603311,NARCOTICS,2025-04-02,13,True
C100102,41.84255,-87.621021,NARCOTICS,2025-05-05,5,False
C100103,41.855692,-87.652787,BURGLARY,2025-03-01,21,False
C100104,41.856867,-87.606258,FRAUD,2025-12-11,15,False
C100105,41.885812,-87.641706,NARCOTICS,2025-04-05,11,False
C100106,41.845928,-87.612262,ASSAULT,2025-09-14,5,False
C100107,41.851691,-87.619305,NARCOTICS,2025-09-11,14,False
C100108,41.887174,-87.665401,ASSAULT,2025-05-29,11,False
C100109,41.881316,-87.672024,FRAUD,2025-09-03,10,True
C100110,41.870053,-87.577355,THEFT,2025-08-02,19,False
C100111,41.877505,-87.63256,NARCOTICS,2025-01-10,18,True
C100112,41.88524,-87.62766,NARCOTICS,2025-08-23,15,True
C100113,41.877582,-87.628376,VANDALISM,2025-11-10,16,False
C100114,41.896273,-87.60018,ASSAULT,2025-07-30,18,True
C100115,41.870987,-87.585424,VANDALISM,2025-10-27,19,True
C100116,41.880911,-87.621534,THEFT,2025-10-28,16,False
C100117,41.870995,-87.578632,ROBBERY,2025-12-11,24,True
C100118,41.885207,-87.663482,THEFT,2025-09-19,14,True
C100119,41.876936,-87.630078,FRAUD,2025-03-21,19,False
C100120,41.839362,-87.630704,FRAUD,2025-11-23,20,True
C100121,41.869674,-87.582735,VANDALISM,2025-09-24,14,False
C100122,41.890407,-87.661866,MOTOR VEHICLE THEFT,2025-05-30,11,True
C100123,41.847623,-87.581926,ROBBERY,2025-07-23,7,False
C100124,41.851999,-87.595718,VANDALISM,2025-08-15,3,False
C100125,41.884968,-87.663162,THEFT,2025-09-15,13,True
C100126,41.856254,-87.610606,ASSAULT,2025-05-24,16,False
C100127,41.876719,-87.629355,BURGLARY,2025-11-26,23,False
C100128,41.870737,-87.578833,VANDALISM,2025-01-05,21,False
C100129,41.895815,-87.601113,NARCOTICS,2025-01-30,24,False
C100130,41.895621,-87.598945,ASSAULT,2025-12-26,10,False
C100131,41.889492,-87.572929,FRAUD,2025-11-04,3,False
C100132,41.870055,-87.575278,VANDALISM,2025-04-01,15,False
C100133,41.909477,-87.590231,VANDALISM,2025-11-10,17,False
C100134,41.888527,-87.6716,MOTOR VEHICLE THEFT,2025-05-28,18,False
C100135,41.878743,-87.633561,ASSAULT,2025-08-24,1,False
C100136,41.870868,-87.575728,VANDALISM,2025-05-31,13,False
C100137,41.87848,-87.633772,THEFT,2025-05-27,3,False
C100138,41.866136,-87.579268,NARCOTICS,2025-08-06,23,True
C100139,41.882807,-87.665446,VANDALISM,2025-07-17,9,False
C100140,41.896255,-87.598999,NARCOTICS,2025-04-23,11,False
C100141,41.867249,-87.57044,NARCOTICS,2025-02-21,3,False
C100142,41.841191,-87.700036,BURGLARY,2025-02-23,3,False
C100143,41.854316,-87.605336,ROBBERY,2025-09-29,16,False
C100144,41.900129,-87.596242,ROBBERY,2025-04-03,6,False
C100145,41.852982,-87.616377,NARCOTICS,2025-07-21,12,False
C100146,41.887077,-87.657766,MOTOR VEHICLE THEFT,2025-12-07,3,False
C100147,41.89477,-87.662536,VANDALISM,2025-07-29,10,True
C100148,41.875842,-87.62788,ROBBERY,2025-04-01,23,False
C100149,41.892246,-87.701069,THEFT,2025-09-16,21,False
C100150,41.897778,-87.600219,ASSAULT,2025-03-16,18,True
C100151,41.880186,-87.638788,BURGLARY,2025-02-06,9,False
C100152,41.871219,-87.580782,ASSAULT,2025-11-04,14,False
C100153,41.892371,-87.602698,ASSAULT,2025-01-18,6,False
C100154,41.887742,-87.665833,NARCOTICS,2025-08-20,4,False
C100155,41.874613,-87.625454,FRAUD,2025-02-13,7,False
C100156,41.890761,-87.660005,BURGLARY,2025-10-20,17,False
C100157,41.870968,-87.582964,VANDALISM,2025-01-30,1,True
C100158,41.877842,-87.635553,ROBBERY,2025-07-12,14,False
C100159,41.835988,-87.640458,MOTOR VEHICLE THEFT,2025-10-20,18,False
C100160,41.87735,-87.626834,ROBBERY,2025-02-19,1,False
C100161,41.884474,-87.660141,BURGLARY,2025-02-18,16,True
C100162,41.888506,-87.602082,ASSAULT,2025-03-09,2,False
C100163,41.852371,-87.648041,ROBBERY,2025-05-18,10,False
C100164,41.879531,-87.633408,ROBBERY,2025-02-19,1,False
C100165,41.854608,-87.651337,ROBBERY,2025-08-28,20,False
C100166,41.887389,-87.663164,BURGLARY,2025-01-11,17,False
C100167,41.855442,-87.609158,BURGLARY,2025-04-05,8,False
C100168,41.895567,-87.601586,VANDALISM,2025-01-13,18,False
C100169,41.878918,-87.629546,ROBBERY,2025-11-29,6,False
C100170,41.885684,-87.623556,BURGLARY,2025-03-21,11,False
C100171,41.828418,-87.664598,MOTOR VEHICLE THEFT,2025-11-30,1,False
C100172,41.891691,-87.661096,VANDALISM,2025-11-29,24,False
C100173,41.8816,-87.627453,THEFT,2025-05-23,5,False
C100174,41.849979,-87.598949,MOTOR VEHICLE THEFT,2025-01-12,11,False
C100175,41.877532,-87.625131,FRAUD,2025-08-03,11,True
C100176,41.885537,-87.669415,VANDALISM,2025-03-11,4,False
C100177,41.854444,-87.610142,NARCOTICS,2025-10-14,8,False
C100178,41.856271,-87.653868,VANDALISM,2025-12-26,17,False
C100179,41.854902,-87.609785,BURGLARY,2025-12-25,11,False
C100180,41.878689,-87.627467,BURGLARY,2025-05-12,3,False
C100181,41.82918,-87.572667,VANDALISM,2025-09-10,2,False
C100182,41.8536,-87.616682,NARCOTICS,2025-11-17,2,False
C100183,41.854347,-87.610934,BURGLARY,2025-06-14,1,False
C100184,41.891862,-87.594013,NARCOTICS,2025-04-23,19,False
C100185,41.850564,-87.599891,THEFT,2025-01-16,17,False
C100186,41.869618,-87.577112,ASSAULT,2025-02-07,10,False
C100187,41.857144,-87.65373,ASSAULT,2025-08-23,10,True
C100188,41.871866,-87.635897,THEFT,2025-03-23,9,False
C100189,41.850627,-87.6132,NARCOTICS,2025-08-29,19,False
C100190,41.850108,-87.598725,MOTOR VEHICLE THEFT,2025-03-05,15,False
C100191,41.876925,-87.627718,NARCOTICS,2025-09-11,21,True
C100192,41.891275,-87.662998,ASSAULT,2025-04-01,6,True
C100193,41.87797,-87.660911,BURGLARY,2025-05-08,9,False
C100194,41.858562,-87.648758,FRAUD,2025-02-16,6,False
C100195,41.844597,-87.617305,ASSAULT,2025-11-11,11,False
C100196,41.871963,-87.638236,THEFT,2025-03-15,15,True
C100197,41.896659,-87.598811,ASSAULT,2025-08-05,19,False
C100198,41.850864,-87.597798,VANDALISM,2025-12-08,17,False
C100199,41.869235,-87.580354,THEFT,2025-05-19,4,True
C100200,41.879269,-87.63802,THEFT,2025-01-24,1,False
C100201,41.888734,-87.66835,MOTOR VEHICLE THEFT,2025-03-30,20,True
C100202,41.882989,-87.663582,MOTOR VEHICLE THEFT,2025-08-11,6,False
C100203,41.868883,-87.57634,ASSAULT,2025-01-12,9,False
C100204,41.833262,-87.648204,ROBBERY,2025-04-13,14,False
C100205,41.882452,-87.626477,THEFT,2025-09-17,6,False
C100206,41.882052,-87.672669,THEFT,2025-12-26,1,False
C100207,41.867613,-87.578659,BURGLARY,2025-04-26,12,False
C100208,41.878517,-87.632545,MOTOR VEHICLE THEFT,2025-08-27,4,False
C100209,41.893488,-87.596868,ASSAULT,2025-11-08,16,True
C100210,41.875235,-87.621289,ROBBERY,2025-04-19,20,False
C100211,41.89655,-87.599869,MOTOR VEHICLE THEFT,2025-04-28,21,False
C100212,41.884375,-87.671234,VANDALISM,2025-10-18,5,False
C100213,41.875976,-87.636723,MOTOR VEHICLE THEFT,2025-04-22,20,False
C100214,41.914927,-87.697507,BURGLARY,2025-12-13,17,False
C100215,41.88143,-87.634073,FRAUD,2025-10-14,1,False
C100216,41.883879,-87.66036,BURGLARY,2025-11-22,4,True
C100217,41.883238,-87.632469,THEFT,2025-05-19,4,False
C100218,41.849667,-87.600033,MOTOR VEHICLE THEFT,2025-09-24,22,False
C100219,41.857435,-87.649542,FRAUD,2025-12-26,9,False
C100220,41.884732,-87.66967,BURGLARY,2025-04-11,15,True
C100221,41.906539,-87.646871,VANDALISM,2025-07-26,2,True
C100222,41.889609,-87.597266,NARCOTICS,2025-02-03,21,True
C100223,41.875505,-87.633778,BURGLARY,2025-12-09,11,False
C100224,41.871346,-87.58162,VANDALISM,2025-03-10,23,False
C100225,41.84638,-87.61363,NARCOTICS,2025-02-14,11,False
C100226,41.84995,-87.603939,ROBBERY,2025-10-11,17,False
C100227,41.878792,-87.623532,ASSAULT,2025-01-17,13,False
C100228,41.88179,-87.631378,FRAUD,2025-11-10,20,False
C100229,41.895123,-87.594049,NARCOTICS,2025-01-05,9,False
C100230,41.873408,-87.581233,ASSAULT,2025-08-20,5,False
C100231,41.930192,-87.635467,BURGLARY,2025-11-16,6,False
C100232,41.892902,-87.601921,ASSAULT,2025-12-27,18,False
C100233,41.875189,-87.630037,ASSAULT,2025-06-24,15,False
C100234,41.891927,-87.600784,ASSAULT,2025-09-10,16,False
C100235,41.88756,-87.664982,BURGLARY,2025-09-25,2,False
C100236,41.868653,-87.577983,ASSAULT,2025-10-21,23,False
C100237,41.875892,-87.63172,BURGLARY,2025-07-11,1,False
C100238,41.870135,-87.579244,VANDALISM,2025-10-17,1,False
C100239,41.879172,-87.628271,THEFT,2025-12-20,18,False
C100240,41.841265,-87.62575,FRAUD,2025-01-15,19,True
C100241,41.837995,-87.634953,BURGLARY,2025-10-23,5,False
C100242,41.855146,-87.660117,THEFT,2025-08-25,19,False
C100243,41.880345,-87.623174,VANDALISM,2025-06-24,4,False
C100244,41.894719,-87.604745,NARCOTICS,2025-07-04,22,True
C100245,41.925992,-87.675732,BURGLARY,2025-03-08,6,False
C100246,41.852866,-87.651175,ROBBERY,2025-12-11,1,True
C100247,41.884159,-87.663544,BURGLARY,2025-05-21,14,False
C100248,41.883537,-87.662815,MOTOR VEHICLE THEFT,2025-02-26,8,False
C100249,41.847308,-87.611476,NARCOTICS,2025-05-23,6,False
C100250,41.884757,-87.658798,MOTOR VEHICLE THEFT,2025-06-18,6,False
C100251,41.853175,-87.649684,ROBBERY,2025-05-12,16,False
C100252,41.888906,-87.577112,MOTOR VEHICLE THEFT,2025-07-09,11,False
C100253,41.868681,-87.605459,FRAUD,2025-09-18,16,False
C100254,41.896348,-87.596869,ASSAULT,2025-07-24,16,False
C100255,41.880427,-87.634751,ROBBERY,2025-11-02,10,False
C100256,41.853991,-87.606408,VANDALISM,2025-06-04,20,False
C100257,41.875817,-87.63575,THEFT,2025-10-30,23,True
C100258,41.854781,-87.607957,ASSAULT,2025-06-10,14,False
C100259,41.881817,-87.622419,ROBBERY,2025-03-13,19,False
C100260,41.874691,-87.63299,ROBBERY,2025-09-03,12,False
C100261,41.887786,-87.669268,FRAUD,2025-03-03,4,True
C100262,41.873172,-87.630657,THEFT,2025-01-10,19,False
C100263,41.923763,-87.609351,VANDALISM,2025-09-02,6,False
C100264,41.877221,-87.636191,MOTOR VEHICLE THEFT,2025-04-27,4,False
C100265,41.870555,-87.577002,VANDALISM,2025-09-25,3,False
C100266,41.874639,-87.630937,ASSAULT,2025-05-29,24,False
C100267,41.875006,-87.630033,MOTOR VEHICLE THEFT,2025-10-14,18,False
C100268,41.895451,-87.60148,BURGLARY,2025-05-23,22,False
C100269,41.850738,-87.599134,ASSAULT,2025-11-26,5,False
C100270,41.884578,-87.665122,BURGLARY,2025-09-25,17,False
C100271,41.882745,-87.659442,MOTOR VEHICLE THEFT,2025-05-03,11,False
C100272,41.883976,-87.66822,VANDALISM,2025-02-20,1,False
C100273,41.846095,-87.610827,VANDALISM,2025-01-25,3,False
C100274,41.856022,-87.654631,FRAUD,2025-10-28,23,False
C100275,41.880573,-87.652323,NARCOTICS,2025-05-16,22,False
C100276,41.895605,-87.597265,MOTOR VEHICLE THEFT,2025-08-02,7,False
C100277,41.871814,-87.580656,MOTOR VEHICLE THEFT,2025-04-29,18,True
C100278,41.892023,-87.59816,ASSAULT,2025-10-12,19,False
C100279,41.8742,-87.579818,ASSAULT,2025-02-10,16,False
C100280,41.909911,-87.573776,NARCOTICS,2025-12-06,22,True
C100281,41.835731,-87.64424,VANDALISM,2025-09-06,17,False
C100282,41.88133,-87.627363,VANDALISM,2025-01-16,3,False
C100283,41.875233,-87.626196,BURGLARY,2025-07-06,9,False
C100284,41.881213,-87.628603,THEFT,2025-12-01,9,False
C100285,41.87026,-87.579973,NARCOTICS,2025-08-16,5,False
C100286,41.855847,-87.65205,FRAUD,2025-08-16,21,True
C100287,41.884901,-87.661803,NARCOTICS,2025-11-14,1,False
C100288,41.852563,-87.614838,MOTOR VEHICLE THEFT,2025-07-29,19,False
C100289,41.879796,-87.63629,ROBBERY,2025-07-30,10,False
C100290,41.845538,-87.614727,VANDALISM,2025-03-05,1,False
C100291,41.845202,-87.615422,ROBBERY,2025-11-20,22,False
C100292,41.876757,-87.631444,ROBBERY,2025-06-28,19,True
C100293,41.827067,-87.689996,ASSAULT,2025-10-25,1,False
C100294,41.877642,-87.632134,MOTOR VEHICLE THEFT,2025-03-31,19,False
C100295,41.871312,-87.574093,VANDALISM,2025-07-12,5,False
C100296,41.878311,-87.630864,THEFT,2025-12-24,4,True
C100297,41.880302,-87.629531,THEFT,2025-08-15,13,False
C100298,41.872247,-87.579903,VANDALISM,2025-01-08,8,False
C100299,41.895415,-87.592608,ASSAULT,2025-06-21,2,False
C100300,41.8969,-87.602019,ROBBERY,2025-01-22,13,False
C100301,41.854641,-87.649331,FRAUD,2025-05-22,8,False
C100302,41.888139,-87.652202,ROBBERY,2025-06-03,8,False
C100303,41.855907,-87.656408,ROBBERY,2025-09-24,19,True
C100304,41.85727,-87.651007,VANDALISM,2025-08-15,4,True
C100305,41.894765,-87.595036,ASSAULT,2025-08-08,6,False
C100306,41.84649,-87.612654,MOTOR VEHICLE THEFT,2025-11-14,14,False
C100307,41.895438,-87.597962,ASSAULT,2025-05-15,8,False
C100308,41.878148,-87.630504,THEFT,2025-11-18,14,False
C100309,41.895376,-87.596796,VANDALISM,2025-08-27,7,True
C100310,41.877365,-87.626581,FRAUD,2025-05-27,7,False
C100311,41.875658,-87.626997,MOTOR VEHICLE THEFT,2025-07-15,5,True
C100312,41.848994,-87.630778,FRAUD,2025-02-09,1,True
C100313,41.894669,-87.664153,VANDALISM,2025-02-10,20,True
C100314,41.895101,-87.594564,ROBBERY,2025-12-12,8,True
C100315,41.896701,-87.602297,VANDALISM,2025-09-29,23,False
C100316,41.883719,-87.633106,THEFT,2025-06-19,23,False
C100317,41.891728,-87.596481,ROBBERY,2025-07-01,15,False
C100318,41.879609,-87.651136,BURGLARY,2025-10-04,23,False
C100319,41.850063,-87.599169,ASSAULT,2025-12-05,7,False
C100320,41.913996,-87.597254,NARCOTICS,2025-05-17,3,False
C100321,41.884047,-87.654177,VANDALISM,2025-11-25,6,True
C100322,41.847023,-87.605527,NARCOTICS,2025-02-04,5,False
C100323,41.88247,-87.630939,NARCOTICS,2025-02-11,17,False
C100324,41.860002,-87.651653,BURGLARY,2025-12-25,8,False
C100325,41.875079,-87.571505,VANDALISM,2025-04-08,18,False
C100326,41.856284,-87.648664,ROBBERY,2025-06-18,21,False
C100327,41.869707,-87.579567,VANDALISM,2025-09-12,20,False
C100328,41.827011,-87.688864,VANDALISM,2025-03-08,5,True
C100329,41.869304,-87.580953,VANDALISM,2025-03-15,4,False
C100330,41.904263,-87.627952,MOTOR VEHICLE THEFT,2025-09-04,20,False
C100331,41.891008,-87.67114,VANDALISM,2025-10-28,5,False
C100332,41.889463,-87.66378,THEFT,2025-01-05,21,False
C100333,41.872554,-87.573592,ASSAULT,2025-09-03,9,False
C100334,41.855095,-87.609602,NARCOTICS,2025-04-01,12,False
C100335,41.889619,-87.666329,THEFT,2025-12-13,11,False
C100336,41.893367,-87.666189,MOTOR VEHICLE THEFT,2025-01-06,23,False
C100337,41.880155,-87.628207,MOTOR VEHICLE THEFT,2025-05-09,20,False
C100338,41.886957,-87.652989,VANDALISM,2025-11-20,4,False
C100339,41.876457,-87.628795,VANDALISM,2025-09-09,3,False
C100340,41.867656,-87.575483,VANDALISM,2025-09-06,18,False
C100341,41.851392,-87.613846,BURGLARY,2025-08-08,8,False
C100342,41.88622,-87.667223,FRAUD,2025-04-08,14,True
C100343,41.857952,-87.653605,FRAUD,2025-09-06,3,False
C100344,41.886348,-87.653656,VANDALISM,2025-07-20,2,False
C100345,41.887325,-87.65703,FRAUD,2025-12-13,20,True
C100346,41.853589,-87.652572,ROBBERY,2025-06-06,19,False
C100347,41.888733,-87.671696,BURGLARY,2025-05-09,18,False
C100348,41.894614,-87.596438,THEFT,2025-02-01,24,False
C100349,41.877167,-87.626446,NARCOTICS,2025-03-26,20,True
C100350,41.870603,-87.581673,NARCOTICS,2025-04-23,16,True
C100351,41.924613,-87.645443,FRAUD,2025-10-21,8,False
C100352,41.855206,-87.652058,THEFT,2025-09-18,6,False
C100353,41.857161,-87.650128,ASSAULT,2025-02-25,13,False
C100354,41.847916,-87.614556,NARCOTICS,2025-01-21,20,False
C100355,41.895478,-87.595108,VANDALISM,2025-07-21,22,True
C100356,41.851752,-87.654217,MOTOR VEHICLE THEFT,2025-07-30,6,True
C100357,41.89585,-87.599276,ROBBERY,2025-12-05,1,False
C100358,41.876212,-87.628962,MOTOR VEHICLE THEFT,2025-08-09,1,False
C100359,41.880361,-87.665605,MOTOR VEHICLE THEFT,2025-11-06,20,False
C100360,41.886997,-87.565875,THEFT,2025-04-23,22,False
C100361,41.926151,-87.606473,MOTOR VEHICLE THEFT,2025-09-10,19,False
C100362,41.879787,-87.621917,MOTOR VEHICLE THEFT,2025-12-25,22,True
C100363,41.852629,-87.605383,NARCOTICS,2025-01-06,11,False
C100364,41.875851,-87.626191,ASSAULT,2025-01-13,17,False
C100365,41.849701,-87.603235,MOTOR VEHICLE THEFT,2025-12-24,19,False
C100366,41.896888,-87.600088,ASSAULT,2025-02-17,14,True
C100367,41.878566,-87.625719,THEFT,2025-06-15,19,False
C100368,41.896405,-87.601603,THEFT,2025-12-29,22,False
C100369,41.868999,-87.580231,NARCOTICS,2025-04-17,5,False
C100370,41.887461,-87.663557,THEFT,2025-11-10,21,False
C100371,41.857518,-87.654269,FRAUD,2025-01-25,24,False
C100372,41.848916,-87.603429,THEFT,2025-10-16,8,False
C100373,41.86746,-87.582683,ROBBERY,2025-02-22,23,False
C100374,41.854405,-87.654022,FRAUD,2025-08-19,13,False
C100375,41.892109,-87.594065,NARCOTICS,2025-01-17,7,False
C100376,41.85246,-87.61972,VANDALISM,2025-12-20,20,False
C100377,41.892536,-87.666973,FRAUD,2025-07-24,23,False
C100378,41.886864,-87.660275,BURGLARY,2025-07-13,12,False
C100379,41.877756,-87.631673,ROBBERY,2025-05-19,14,False
C100380,41.897634,-87.601218,NARCOTICS,2025-12-21,3,False
C100381,41.874238,-87.588365,THEFT,2025-04-18,13,False
C100382,41.84861,-87.606103,FRAUD,2025-12-12,5,False
C100383,41.877403,-87.629334,ASSAULT,2025-10-26,19,False
C100384,41.90294,-87.686742,MOTOR VEHICLE THEFT,2025-01-31,3,False
C100385,41.906714,-87.619905,MOTOR VEHICLE THEFT,2025-01-30,22,False
C100386,41.891979,-87.597605,THEFT,2025-08-14,6,False
C100387,41.875703,-87.626336,FRAUD,2025-06-04,7,True
C100388,41.85774,-87.649513,THEFT,2025-05-09,10,False
C100389,41.852809,-87.650691,THEFT,2025-10-21,3,False
C100390,41.880979,-87.627732,ASSAULT,2025-05-09,14,False
C100391,41.891093,-87.668238,BURGLARY,2025-10-30,21,False
C100392,41.878789,-87.625278,ASSAULT,2025-02-10,13,False
C100393,41.880486,-87.665002,BURGLARY,2025-09-16,11,False
C100394,41.881332,-87.629624,FRAUD,2025-07-15,24,False
C100395,41.879436,-87.633207,THEFT,2025-07-11,14,False
C100396,41.878674,-87.632722,ASSAULT,2025-11-30,16,True
C100397,41.855227,-87.657409,ASSAULT,2025-02-28,12,False
C100398,41.889039,-87.662907,VANDALISM,2025-01-04,2,True
C100399,41.889706,-87.659386,THEFT,2025-05-25,22,False
C100400,41.8497,-87.604609,ROBBERY,2025-08-05,24,False
C100401,41.894384,-87.597035,NARCOTICS,2025-09-24,14,False
C100402,41.855792,-87.610804,MOTOR VEHICLE THEFT,2025-05-28,14,False
C100403,41.844647,-87.561233,MOTOR VEHICLE THEFT,2025-10-12,17,False
C100404,41.890767,-87.593214,ASSAULT,2025-07-08,24,False
C100405,41.856218,-87.651932,NARCOTICS,2025-08-11,19,False
C100406,41.873358,-87.580565,VANDALISM,2025-03-02,7,False
C100407,41.8519,-87.608942,NARCOTICS,2025-11-25,1,False
C100408,41.845985,-87.606044,NARCOTICS,2025-01-19,24,False
C100409,41.849684,-87.609295,ASSAULT,2025-07-26,14,False
C100410,41.851836,-87.610807,NARCOTICS,2025-03-01,4,False
C100411,41.844715,-87.617757,BURGLARY,2025-11-06,15,False
C100412,41.887924,-87.66956,VANDALISM,2025-01-25,5,False
C100413,41.853795,-87.614677,THEFT,2025-11-27,3,False
C100414,41.881912,-87.623069,ROBBERY,2025-04-28,21,False
C100415,41.852878,-87.60915,NARCOTICS,2025-03-03,5,False
C100416,41.84513,-87.612693,ROBBERY,2025-01-29,18,False
C100417,41.83189,-87.651296,FRAUD,2025-02-23,2,False
C100418,41.891657,-87.601179,NARCOTICS,2025-03-17,11,False
C100419,41.848222,-87.644994,VANDALISM,2025-12-27,10,False
C100420,41.878842,-87.591322,ROBBERY,2025-04-21,16,False
C100421,41.885101,-87.657184,VANDALISM,2025-04-19,19,False
C100422,41.848374,-87.604587,ASSAULT,2025-09-13,13,False
C100423,41.879774,-87.627605,THEFT,2025-06-13,6,False
C100424,41.884818,-87.664037,VANDALISM,2025-11-12,22,False
C100425,41.898228,-87.599636,NARCOTICS,2025-06-04,21,False
C100426,41.878244,-87.630378,BURGLARY,2025-08-17,21,False
C100427,41.853486,-87.61334,NARCOTICS,2025-11-06,2,False
C100428,41.876969,-87.635274,FRAUD,2025-11-24,2,False
C100429,41.87628,-87.626161,THEFT,2025-01-05,9,False
C100430,41.852108,-87.645399,ROBBERY,2025-07-02,5,True
C100431,41.849436,-87.606806,ASSAULT,2025-06-29,6,True
C100432,41.889545,-87.598092,THEFT,2025-05-23,17,True
C100433,41.892788,-87.604188,VANDALISM,2025-06-18,23,False
C100434,41.853504,-87.651354,THEFT,2025-07-02,20,False
C100435,41.87787,-87.627042,BURGLARY,2025-02-05,5,True
C100436,41.856878,-87.656034,FRAUD,2025-08-15,15,True
C100437,41.872854,-87.576193,ASSAULT,2025-06-12,21,True
C100438,41.890743,-87.600548,NARCOTICS,2025-01-05,22,False
C100439,41.922708,-87.602038,BURGLARY,2025-11-16,13,False
C100440,41.840506,-87.61976,BURGLARY,2025-12-03,3,False
C100441,41.838584,-87.635108,MOTOR VEHICLE THEFT,2025-01-19,7,False
C100442,41.893334,-87.594054,NARCOTICS,2025-09-21,20,False
C100443,41.867946,-87.580044,ASSAULT,2025-04-02,11,False
C100444,41.884367,-87.67182,FRAUD,2025-02-27,8,True
C100445,41.8492,-87.611333,THEFT,2025-08-10,4,False
C100446,41.883745,-87.66961,BURGLARY,2025-06-19,15,False
C100447,41.854447,-87.61258,NARCOTICS,2025-07-18,15,False
C100448,41.911091,-87.561782,BURGLARY,2025-08-22,22,True
C100449,41.856189,-87.651396,BURGLARY,2025-10-05,17,False
C100450,41.92899,-87.621199,NARCOTICS,2025-08-23,17,False
C100451,41.876322,-87.629571,THEFT,2025-05-05,11,False
C100452,41.89396,-87.595512,BURGLARY,2025-07-02,18,True
C100453,41.855687,-87.655043,MOTOR VEHICLE THEFT,2025-02-14,20,False
C100454,41.83205,-87.651741,MOTOR VEHICLE THEFT,2025-06-17,22,True
C100455,41.852825,-87.609608,BURGLARY,2025-05-16,19,False
C100456,41.889497,-87.658157,ROBBERY,2025-01-05,19,False
C100457,41.846113,-87.608329,NARCOTICS,2025-10-31,17,True
C100458,41.892413,-87.6018,ROBBERY,2025-04-30,17,False
C100459,41.85797,-87.652197,NARCOTICS,2025-06-09,19,False
C100460,41.870208,-87.57854,FRAUD,2025-08-10,15,True
C100461,41.849752,-87.606808,NARCOTICS,2025-05-25,11,False
C100462,41.850296,-87.614209,ROBBERY,2025-01-27,15,True
C100463,41.877027,-87.630628,ROBBERY,2025-10-13,4,False
C100464,41.852413,-87.60736,ASSAULT,2025-12-19,7,False
C100465,41.889153,-87.667281,MOTOR VEHICLE THEFT,2025-08-02,13,False
C100466,41.852079,-87.651121,ROBBERY,2025-12-04,24,False
C100467,41.885555,-87.670419,BURGLARY,2025-02-19,12,False
C100468,41.852549,-87.6568,BURGLARY,2025-01-30,12,False
C100469,41.88142,-87.623926,VANDALISM,2025-05-19,4,False
C100470,41.868146,-87.582296,THEFT,2025-10-11,11,False
C100471,41.876642,-87.6265,ROBBERY,2025-11-28,17,False
C100472,41.84375,-87.619154,VANDALISM,2025-12-06,10,False
C100473,41.882409,-87.66188,THEFT,2025-01-11,11,False
C100474,41.889792,-87.661691,FRAUD,2025-02-12,19,False
C100475,41.847756,-87.607514,ASSAULT,2025-10-06,17,False
C100476,41.881973,-87.625415,FRAUD,2025-12-05,10,False
C100477,41.856541,-87.64669,FRAUD,2025-04-23,5,False
C100478,41.88004,-87.60049,BURGLARY,2025-10-21,21,False
C100479,41.87523,-87.63089,ROBBERY,2025-10-01,6,False
C100480,41.881691,-87.629931,FRAUD,2025-08-28,11,False
C100481,41.856492,-87.649435,THEFT,2025-03-02,3,False
C100482,41.836909,-87.63994,FRAUD,2025-05-09,7,False
C100483,41.898497,-87.598974,ASSAULT,2025-08-28,22,True
C100484,41.857198,-87.651156,ROBBERY,2025-06-03,3,False
C100485,41.873237,-87.579203,ASSAULT,2025-11-10,17,False
C100486,41.896264,-87.658593,VANDALISM,2025-11-26,19,False
C100487,41.858466,-87.651578,BURGLARY,2025-01-25,8,True
C100488,41.852432,-87.649689,NARCOTICS,2025-08-30,10,True
C100489,41.869852,-87.578706,VANDALISM,2025-12-16,2,False
C100490,41.867158,-87.575603,VANDALISM,2025-12-06,7,False
C100491,41.884691,-87.632579,THEFT,2025-02-08,9,True
C100492,41.880189,-87.630733,THEFT,2025-11-08,2,True
C100493,41.857669,-87.651319,ROBBERY,2025-01-05,19,False
C100494,41.886688,-87.677308,BURGLARY,2025-04-16,16,False
C100495,41.89608,-87.603332,NARCOTICS,2025-10-28,22,False
C100496,41.852911,-87.609666,VANDALISM,2025-01-08,16,False
C100497,41.878315,-87.623633,ROBBERY,2025-07-07,4,False
C100498,41.877912,-87.629309,ASSAULT,2025-07-11,2,False
C100499,41.871796,-87.575714,VANDALISM,2025-01-13,23,False
C100500,41.896879,-87.598345,THEFT,2025-07-16,16,False
C100501,41.880656,-87.630059,ASSAULT,2025-08-28,5,False
C100502,41.90597,-87.685003,MOTOR VEHICLE THEFT,2025-06-30,24,False
C100503,41.878234,-87.67612,NARCOTICS,2025-07-05,1,False
C100504,41.869995,-87.581677,VANDALISM,2025-02-12,14,True
C100505,41.8523,-87.611168,NARCOTICS,2025-12-30,4,True
C100506,41.877184,-87.629107,FRAUD,2025-11-30,1,False
C100507,41.834334,-87.647105,THEFT,2025-12-23,1,False
C100508,41.852346,-87.654113,FRAUD,2025-10-02,8,False
C100509,41.856797,-87.609673,NARCOTICS,2025-11-17,6,False
C100510,41.854727,-87.654854,VANDALISM,2025-06-23,19,False
C100511,41.904833,-87.668931,THEFT,2025-07-10,19,True
C100512,41.839776,-87.629089,THEFT,2025-06-29,21,False
C100513,41.854654,-87.647357,THEFT,2025-10-26,12,False
C100514,41.855397,-87.614886,MOTOR VEHICLE THEFT,2025-01-16,2,False
C100515,41.887649,-87.669031,THEFT,2025-09-26,20,True
C100516,41.835509,-87.643412,VANDALISM,2025-04-02,18,False
C100517,41.86958,-87.582902,THEFT,2025-04-10,3,True
C100518,41.877386,-87.633293,BURGLARY,2025-09-26,13,False
C100519,41.869227,-87.577638,THEFT,2025-09-30,18,False
C100520,41.892445,-87.595296,ASSAULT,2025-09-04,23,False
C100521,41.869072,-87.576954,VANDALISM,2025-04-18,4,False
C100522,41.824935,-87.615406,BURGLARY,2025-09-27,17,False
C100523,41.876073,-87.625728,NARCOTICS,2025-06-03,8,True
C100524,41.893699,-87.596534,NARCOTICS,2025-10-26,15,False
C100525,41.8955,-87.593972,THEFT,2025-01-30,23,True
C100526,41.868182,-87.576027,FRAUD,2025-06-13,16,True
C100527,41.88972,-87.601047,ASSAULT,2025-02-19,18,True
C100528,41.89503,-87.595287,NARCOTICS,2025-11-18,24,False
C100529,41.852559,-87.611292,BURGLARY,2025-07-02,18,False
C100530,41.890397,-87.651004,MOTOR VEHICLE THEFT,2025-02-27,20,False
C100531,41.85168,-87.596462,THEFT,2025-11-02,16,False
C100532,41.895396,-87.597173,ASSAULT,2025-05-25,11,False
C100533,41.835958,-87.644348,THEFT,2025-10-17,9,False
C100534,41.868148,-87.579328,ASSAULT,2025-07-07,19,True
C100535,41.85727,-87.652724,ROBBERY,2025-02-27,16,False
C100536,41.8777,-87.633209,MOTOR VEHICLE THEFT,2025-06-25,10,False
C100537,41.848885,-87.606387,NARCOTICS,2025-07-18,11,False
C100538,41.881981,-87.673721,VANDALISM,2025-08-17,19,False
C100539,41.845578,-87.614293,VANDALISM,2025-04-22,19,False
C100540,41.856948,-87.650278,FRAUD,2025-02-19,21,False
C100541,41.86886,-87.582973,NARCOTICS,2025-03-16,17,False
C100542,41.878788,-87.631732,ASSAULT,2025-05-25,24,True
C100543,41.840871,-87.629291,ROBBERY,2025-05-14,22,True
C100544,41.877322,-87.627982,ASSAULT,2025-11-30,7,False
C100545,41.870674,-87.578673,FRAUD,2025-09-06,21,True
C100546,41.884145,-87.661162,THEFT,2025-12-31,1,False
C100547,41.876911,-87.624062,THEFT,2025-12-04,21,False
C100548,41.881879,-87.632481,ROBBERY,2025-01-24,13,False
C100549,41.855597,-87.610852,ASSAULT,2025-02-05,3,False
C100550,41.876368,-87.633627,BURGLARY,2025-01-24,11,True
C100551,41.853831,-87.655302,ROBBERY,2025-04-17,1,False
C100552,41.873065,-87.634208,THEFT,2025-05-07,17,False
C100553,41.839686,-87.63052,NARCOTICS,2025-10-01,10,False
C100554,41.849987,-87.61479,MOTOR VEHICLE THEFT,2025-02-24,14,False
C100555,41.857004,-87.650375,ROBBERY,2025-07-01,23,False
C100556,41.856504,-87.646172,ROBBERY,2025-10-20,4,True
C100557,41.869381,-87.577885,THEFT,2025-05-22,15,False
C100558,41.872625,-87.633434,BURGLARY,2025-06-09,13,False
C100559,41.89453,-87.598469,MOTOR VEHICLE THEFT,2025-10-20,14,False
C100560,41.857729,-87.653608,THEFT,2025-09-22,14,False
C100561,41.851537,-87.597054,BURGLARY,2025-01-07,20,False
C100562,41.878099,-87.636258,VANDALISM,2025-04-01,6,False
C100563,41.856594,-87.616144,NARCOTICS,2025-12-12,16,False
C100564,41.87215,-87.579093,VANDALISM,2025-05-24,18,False
C100565,41.853441,-87.648214,MOTOR VEHICLE THEFT,2025-04-10,3,False
C100566,41.879197,-87.633093,ROBBERY,2025-05-20,24,False
C100567,41.887785,-87.659462,BURGLARY,2025-11-06,12,False
C100568,41.849611,-87.617358,NARCOTICS,2025-10-27,1,False
C100569,41.931673,-87.594111,ROBBERY,2025-11-01,21,False
C100570,41.83775,-87.636686,ROBBERY,2025-12-05,16,False
C100571,41.892939,-87.597708,THEFT,2025-11-02,20,False
C100572,41.88004,-87.634352,FRAUD,2025-05-05,3,True
C100573,41.878421,-87.625026,BURGLARY,2025-08-14,2,False
C100574,41.880883,-87.632247,THEFT,2025-05-24,23,False
C100575,41.829304,-87.663028,BURGLARY,2025-08-25,24,False
C100576,41.840976,-87.627743,BURGLARY,2025-03-12,12,False
C100577,41.877946,-87.629638,THEFT,2025-01-18,13,False
C100578,41.87988,-87.654111,MOTOR VEHICLE THEFT,2025-04-04,23,True
C100579,41.878847,-87.626011,VANDALISM,2025-06-05,7,False
C100580,41.891035,-87.597429,ASSAULT,2025-11-25,1,False
C100581,41.884135,-87.664796,THEFT,2025-08-17,11,False
C100582,41.887368,-87.662745,THEFT,2025-12-10,15,False
C100583,41.890582,-87.655014,ROBBERY,2025-04-10,23,False
C100584,41.82834,-87.66551,THEFT,2025-09-08,4,False
C100585,41.873048,-87.579952,ROBBERY,2025-09-06,22,False
C100586,41.856451,-87.653672,ROBBERY,2025-06-29,20,False
C100587,41.88641,-87.66417,THEFT,2025-07-21,9,False
C100588,41.845949,-87.610137,MOTOR VEHICLE THEFT,2025-05-16,21,False
C100589,41.849076,-87.607977,NARCOTICS,2025-09-01,16,False
C100590,41.880585,-87.629863,NARCOTICS,2025-11-27,23,True
C100591,41.872522,-87.627512,MOTOR VEHICLE THEFT,2025-11-09,2,False
C100592,41.854055,-87.608934,VANDALISM,2025-06-04,5,False
C100593,41.895238,-87.600073,NARCOTICS,2025-05-03,20,True
C100594,41.851452,-87.610159,NARCOTICS,2025-01-06,24,False
C100595,41.896254,-87.600113,BURGLARY,2025-08-16,2,False
C100596,41.880833,-87.631417,FRAUD,2025-04-27,10,False
C100597,41.887827,-87.661615,THEFT,2025-01-18,18,False
C100598,41.893605,-87.591559,ASSAULT,2025-04-28,23,False
C100599,41.840101,-87.632027,NARCOTICS,2025-10-19,8,False
C100600,41.853559,-87.652494,FRAUD,2025-10-26,13,False
C100601,41.859633,-87.64882,FRAUD,2025-10-25,4,False
C100602,41.871806,-87.580039,ASSAULT,2025-07-12,4,False
C100603,41.876522,-87.631082,VANDALISM,2025-09-09,4,True
C100604,41.87775,-87.631179,NARCOTICS,2025-02-05,2,False
C100605,41.896791,-87.592399,NARCOTICS,2025-09-10,24,True
C100606,41.876895,-87.629334,FRAUD,2025-09-06,14,True
C100607,41.880211,-87.630597,BURGLARY,2025-07-24,6,False
C100608,41.896648,-87.59925,NARCOTICS,2025-11-17,22,True
C100609,41.870949,-87.581851,VANDALISM,2025-04-29,12,True
C100610,41.885472,-87.660856,ROBBERY,2025-04-04,4,True
C100611,41.854704,-87.619105,NARCOTICS,2025-10-18,4,False
C100612,41.888102,-87.669958,NARCOTICS,2025-01-18,17,False
C100613,41.829274,-87.663535,ROBBERY,2025-02-18,12,True
C100614,41.885605,-87.660273,BURGLARY,2025-03-14,21,False
C100615,41.891829,-87.600787,NARCOTICS,2025-08-01,20,False
C100616,41.839392,-87.632367,BURGLARY,2025-04-09,6,False
C100617,41.893074,-87.600856,MOTOR VEHICLE THEFT,2025-02-09,6,False
C100618,41.884119,-87.668088,THEFT,2025-04-24,14,False
C100619,41.871256,-87.582303,VANDALISM,2025-09-30,18,True
C100620,41.885322,-87.67058,THEFT,2025-08-19,9,False
C100621,41.855674,-87.65099,ROBBERY,2025-07-03,9,False
C100622,41.877132,-87.632847,THEFT,2025-04-03,7,False
C100623,41.855876,-87.652832,THEFT,2025-08-20,3,False
C100624,41.838486,-87.637394,ROBBERY,2025-08-11,23,False
C100625,41.862415,-87.629639,FRAUD,2025-03-04,20,False
C100626,41.854201,-87.645197,NARCOTICS,2025-05-17,22,False
C100627,41.893151,-87.600747,BURGLARY,2025-06-01,9,False
C100628,41.831927,-87.652922,ROBBERY,2025-04-06,8,False
C100629,41.871835,-87.578157,FRAUD,2025-08-30,16,False
C100630,41.896108,-87.60282,NARCOTICS,2025-10-30,11,False
C100631,41.857395,-87.614942,NARCOTICS,2025-06-10,23,False
C100632,41.852102,-87.606571,VANDALISM,2025-10-13,20,True
C100633,41.857543,-87.610041,NARCOTICS,2025-09-22,18,False
C100634,41.929836,-87.569677,BURGLARY,2025-03-03,3,False
C100635,41.879453,-87.668429,VANDALISM,2025-01-31,8,False
C100636,41.899438,-87.626124,FRAUD,2025-09-19,1,False
C100637,41.890104,-87.655252,BURGLARY,2025-05-11,15,False
C100638,41.919808,-87.630106,MOTOR VEHICLE THEFT,2025-01-19,14,False
C100639,41.832367,-87.654877,VANDALISM,2025-02-09,18,False
C100640,41.899397,-87.600595,ASSAULT,2025-02-28,16,False
C100641,41.852328,-87.612846,NARCOTICS,2025-09-27,6,True
C100642,41.856428,-87.654028,FRAUD,2025-08-24,22,False
C100643,41.892939,-87.602607,ASSAULT,2025-05-25,23,False
C100644,41.844737,-87.619004,THEFT,2025-03-14,3,False
C100645,41.85252,-87.614233,ROBBERY,2025-10-01,6,True
C100646,41.915367,-87.610232,ROBBERY,2025-07-15,18,True
C100647,41.8439,-87.618187,MOTOR VEHICLE THEFT,2025-10-04,1,False
C100648,41.895891,-87.666854,MOTOR VEHICLE THEFT,2025-06-04,3,False
C100649,41.880972,-87.6784,VANDALISM,2025-01-14,13,False
C100650,41.87448,-87.630239,BURGLARY,2025-09-23,18,False
C100651,41.890729,-87.66597,ROBBERY,2025-08-15,12,False
C100652,41.849253,-87.601432,THEFT,2025-03-13,13,True
C100653,41.854402,-87.648313,FRAUD,2025-10-21,4,False
C100654,41.852176,-87.59909,THEFT,2025-07-20,10,False
C100655,41.884266,-87.666792,VANDALISM,2025-12-01,12,True
C100656,41.877216,-87.629498,THEFT,2025-07-03,3,False
C100657,41.879471,-87.630155,ASSAULT,2025-02-02,7,False
C100658,41.88527,-87.630545,ASSAULT,2025-05-28,8,False
C100659,41.891013,-87.600226,NARCOTICS,2025-02-03,20,False
C100660,41.91132,-87.642029,MOTOR VEHICLE THEFT,2025-08-17,6,False
C100661,41.87231,-87.575388,VANDALISM,2025-06-11,12,False
C100662,41.878995,-87.631366,VANDALISM,2025-12-02,22,True
C100663,41.82575,-87.584973,ROBBERY,2025-10-01,13,False
C100664,41.89649,-87.601965,NARCOTICS,2025-10-02,23,False
C100665,41.854033,-87.647268,FRAUD,2025-02-10,4,True
C100666,41.849518,-87.61517,ASSAULT,2025-04-01,3,False
C100667,41.882724,-87.631918,ASSAULT,2025-12-30,23,True
C100668,41.847778,-87.581701,NARCOTICS,2025-06-13,20,False
C100669,41.850502,-87.61657,MOTOR VEHICLE THEFT,2025-09-17,7,False
C100670,41.87529,-87.623367,THEFT,2025-10-26,15,True
C100671,41.894348,-87.597611,ASSAULT,2025-01-06,15,False
C100672,41.878957,-87.630433,THEFT,2025-04-06,7,False
C100673,41.840741,-87.628852,THEFT,2025-09-29,19,False
C100674,41.856255,-87.652212,ASSAULT,2025-02-03,22,True
C100675,41.846843,-87.61128,ROBBERY,2025-06-06,13,False
C100676,41.895228,-87.598415,MOTOR VEHICLE THEFT,2025-05-27,17,False
C100677,41.889259,-87.668093,BURGLARY,2025-03-06,8,False
C100678,41.896419,-87.59798,ASSAULT,2025-09-20,22,False
C100679,41.893314,-87.599337,VANDALISM,2025-08-30,16,False
C100680,41.917755,-87.616361,MOTOR VEHICLE THEFT,2025-02-22,7,False
C100681,41.853343,-87.590044,MOTOR VEHICLE THEFT,2025-09-19,18,False
C100682,41.87775,-87.629296,FRAUD,2025-10-01,8,False
C100683,41.85271,-87.612377,MOTOR VEHICLE THEFT,2025-08-15,4,False
C100684,41.892956,-87.601273,ASSAULT,2025-04-28,11,True
C100685,41.868345,-87.579898,VANDALISM,2025-04-03,7,False
C100686,41.879879,-87.623726,ASSAULT,2025-07-18,3,False
C100687,41.870839,-87.631756,ASSAULT,2025-03-08,5,False
C100688,41.851488,-87.611322,BURGLARY,2025-05-02,15,True
C100689,41.842733,-87.622503,MOTOR VEHICLE THEFT,2025-01-22,1,True
C100690,41.892127,-87.600741,NARCOTICS,2025-01-01,5,False
C100691,41.879416,-87.630586,ASSAULT,2025-03-03,15,False
C100692,41.845743,-87.612189,THEFT,2025-10-19,6,False
C100693,41.850798,-87.603375,BURGLARY,2025-05-12,24,True
C100694,41.897152,-87.597708,NARCOTICS,2025-02-09,9,False
C100695,41.891813,-87.592512,NARCOTICS,2025-05-04,7,False
C100696,41.877654,-87.634474,ASSAULT,2025-08-19,10,False
C100697,41.847803,-87.61202,NARCOTICS,2025-01-26,23,False
C100698,41.878084,-87.629819,FRAUD,2025-03-31,7,True
C100699,41.869111,-87.637959,ROBBERY,2025-11-05,10,True
C100700,41.881433,-87.630637,THEFT,2025-03-19,12,False
C100701,41.87664,-87.631663,ROBBERY,2025-03-10,22,True
C100702,41.893475,-87.596487,ASSAULT,2025-05-11,24,False
C100703,41.8352,-87.645243,ASSAULT,2025-01-30,3,False
C100704,41.856447,-87.654317,ASSAULT,2025-03-19,2,False
C100705,41.87836,-87.629423,MOTOR VEHICLE THEFT,2025-03-18,8,False
C100706,41.897274,-87.600103,ASSAULT,2025-03-27,21,True
C100707,41.877344,-87.669402,VANDALISM,2025-06-11,21,False
C100708,41.858985,-87.650726,BURGLARY,2025-10-04,11,True
C100709,41.871914,-87.579629,VANDALISM,2025-08-16,22,False
C100710,41.87286,-87.576972,VANDALISM,2025-11-14,14,True
C100711,41.889736,-87.66962,VANDALISM,2025-01-30,20,False
C100712,41.851996,-87.610139,ASSAULT,2025-03-29,18,False
C100713,41.851897,-87.615108,NARCOTICS,2025-02-25,17,False
C100714,41.903896,-87.589193,ASSAULT,2025-02-19,19,False
C100715,41.852514,-87.608996,NARCOTICS,2025-01-10,8,False
C100716,41.833233,-87.651154,THEFT,2025-01-01,23,False
C100717,41.894044,-87.609474,NARCOTICS,2025-05-26,24,False
C100718,41.888969,-87.693527,ROBBERY,2025-10-28,19,True
C100719,41.857316,-87.614297,NARCOTICS,2025-12-31,14,True
C100720,41.871087,-87.634557,FRAUD,2025-03-01,1,False
C100721,41.895646,-87.66671,ASSAULT,2025-10-13,20,False
C100722,41.8937,-87.599186,VANDALISM,2025-05-10,14,False
C100723,41.850881,-87.608809,NARCOTICS,2025-11-08,10,False
C100724,41.881716,-87.666551,BURGLARY,2025-12-19,23,False
C100725,41.855102,-87.650802,ROBBERY,2025-11-30,23,False
C100726,41.893303,-87.603118,THEFT,2025-09-23,15,False
C100727,41.857213,-87.647207,ROBBERY,2025-03-22,15,False
C100728,41.891143,-87.600863,ASSAULT,2025-02-18,6,False
C100729,41.854011,-87.618223,NARCOTICS,2025-08-25,18,False
C100730,41.851838,-87.611219,BURGLARY,2025-11-15,24,False
C100731,41.840104,-87.626541,ASSAULT,2025-06-02,4,False
C100732,41.884946,-87.656725,BURGLARY,2025-12-04,6,False
C100733,41.881111,-87.662998,FRAUD,2025-05-13,10,False
C100734,41.87084,-87.580296,VANDALISM,2025-07-15,7,False
C100735,41.895417,-87.601849,ASSAULT,2025-10-04,3,False
C100736,41.828738,-87.663063,MOTOR VEHICLE THEFT,2025-01-23,16,False
C100737,41.893574,-87.666618,ROBBERY,2025-07-25,9,False
C100738,41.87122,-87.630573,ROBBERY,2025-05-05,1,False
C100739,41.888321,-87.662262,THEFT,2025-08-16,14,False
C100740,41.852078,-87.611721,NARCOTICS,2025-08-31,16,False
C100741,41.894644,-87.598298,VANDALISM,2025-04-09,7,True
C100742,41.875459,-87.631945,THEFT,2025-12-01,8,False
C100743,41.897725,-87.590682,NARCOTICS,2025-12-10,1,False
C100744,41.847368,-87.613202,ASSAULT,2025-01-12,13,False
C100745,41.881178,-87.631941,THEFT,2025-08-28,11,False
C100746,41.855318,-87.650795,VANDALISM,2025-11-01,23,True
C100747,41.877802,-87.686249,BURGLARY,2025-08-18,19,True
C100748,41.87694,-87.631655,BURGLARY,2025-05-16,18,False
C100749,41.88987,-87.667683,VANDALISM,2025-10-05,10,False
C100750,41.871996,-87.580884,ROBBERY,2025-02-13,17,False
C100751,41.856536,-87.646868,NARCOTICS,2025-11-30,19,False
C100752,41.874012,-87.628388,ROBBERY,2025-01-31,19,False
C100753,41.85274,-87.614796,NARCOTICS,2025-03-06,10,False
C100754,41.867007,-87.581088,ASSAULT,2025-09-16,23,False
C100755,41.882401,-87.660894,VANDALISM,2025-04-07,14,False
C100756,41.876174,-87.626978,ASSAULT,2025-10-31,14,False
C100757,41.877806,-87.625007,THEFT,2025-12-21,8,True
C100758,41.867891,-87.578356,ASSAULT,2025-01-26,18,True
C100759,41.859117,-87.650414,ROBBERY,2025-09-03,3,False
C100760,41.856145,-87.611054,NARCOTICS,2025-01-14,12,False
C100761,41.894431,-87.597419,ASSAULT,2025-11-21,19,False
C100762,41.830528,-87.689227,BURGLARY,2025-03-12,22,True
C100763,41.850104,-87.607418,MOTOR VEHICLE THEFT,2025-05-01,13,False
C100764,41.896569,-87.646478,MOTOR VEHICLE THEFT,2025-09-16,3,False
C100765,41.872692,-87.578247,ROBBERY,2025-12-27,20,True
C100766,41.85782,-87.650475,ROBBERY,2025-07-28,24,False
C100767,41.838766,-87.611819,ASSAULT,2025-06-07,19,False
C100768,41.853066,-87.61179,ASSAULT,2025-01-13,19,False
C100769,41.881148,-87.664273,BURGLARY,2025-10-21,19,False
C100770,41.850788,-87.615666,MOTOR VEHICLE THEFT,2025-09-23,24,False
C100771,41.852164,-87.614742,NARCOTICS,2025-11-29,10,True
C100772,41.856659,-87.655654,THEFT,2025-02-23,5,False
C100773,41.889846,-87.662545,MOTOR VEHICLE THEFT,2025-07-08,8,False
C100774,41.902376,-87.645573,ROBBERY,2025-01-09,1,False
C100775,41.84931,-87.615173,NARCOTICS,2025-06-02,6,False
C100776,41.886399,-87.66686,BURGLARY,2025-06-20,12,False
C100777,41.841197,-87.626876,NARCOTICS,2025-07-01,12,False
C100778,41.896012,-87.598419,THEFT,2025-05-14,6,True
C100779,41.89083,-87.669665,MOTOR VEHICLE THEFT,2025-02-17,15,True
C100780,41.856718,-87.654516,ROBBERY,2025-02-03,8,True
C100781,41.829058,-87.662244,VANDALISM,2025-01-27,21,False
C100782,41.876663,-87.626541,THEFT,2025-04-12,7,False
C100783,41.895509,-87.595924,BURGLARY,2025-12-12,24,False
C100784,41.895404,-87.599266,MOTOR VEHICLE THEFT,2025-06-12,3,False
C100785,41.895475,-87.566456,MOTOR VEHICLE THEFT,2025-08-27,18,False
C100786,41.851061,-87.603176,MOTOR VEHICLE THEFT,2025-11-15,16,False
C100787,41.858945,-87.650992,FRAUD,2025-01-31,14,False
C100788,41.887684,-87.665576,FRAUD,2025-08-30,11,False
C100789,41.851113,-87.648726,ROBBERY,2025-08-04,7,False
C100790,41.850117,-87.612423,ASSAULT,2025-10-28,15,False
C100791,41.892796,-87.594955,ROBBERY,2025-04-01,14,False
C100792,41.901419,-87.68301,ROBBERY,2025-07-06,18,False
C100793,41.858384,-87.608534,NARCOTICS,2025-11-03,7,True
C100794,41.853903,-87.654957,ROBBERY,2025-02-09,3,True
C100795,41.851021,-87.60542,NARCOTICS,2025-05-12,21,False
C100796,41.876725,-87.626051,NARCOTICS,2025-01-10,14,False
C100797,41.851661,-87.611343,THEFT,2025-01-07,6,False
C100798,41.889063,-87.689141,FRAUD,2025-01-22,12,False
C100799,41.853218,-87.607363,THEFT,2025-08-31,10,False
C100800,41.886047,-87.662481,BURGLARY,2025-05-05,14,False
C100801,41.835277,-87.642588,VANDALISM,2025-12-29,6,True
C100802,41.889754,-87.669344,MOTOR VEHICLE THEFT,2025-05-07,22,False
C100803,41.88093,-87.629831,THEFT,2025-09-27,6,False
C100804,41.878662,-87.630326,FRAUD,2025-07-24,8,False
C100805,41.878444,-87.633903,THEFT,2025-12-17,19,False
C100806,41.853699,-87.625923,THEFT,2025-07-24,2,False
C100807,41.830577,-87.658503,MOTOR VEHICLE THEFT,2025-02-07,5,False
C100808,41.86924,-87.57375,ASSAULT,2025-04-26,3,False
C100809,41.878992,-87.661483,BURGLARY,2025-04-17,8,False
C100810,41.884585,-87.657629,ASSAULT,2025-08-21,21,False
C100811,41.871304,-87.579934,VANDALISM,2025-10-11,2,False
C100812,41.893848,-87.598368,NARCOTICS,2025-01-30,14,False
C100813,41.893361,-87.601262,ASSAULT,2025-06-18,22,False
C100814,41.851912,-87.609228,THEFT,2025-11-19,1,False
C100815,41.879702,-87.629928,BURGLARY,2025-03-07,22,False
C100816,41.892821,-87.595847,NARCOTICS,2025-07-28,13,False
C100817,41.873391,-87.630957,BURGLARY,2025-05-06,10,True
C100818,41.837573,-87.635407,VANDALISM,2025-06-19,18,False
C100819,41.904943,-87.61959,FRAUD,2025-04-15,23,False
C100820,41.8519,-87.610104,THEFT,2025-11-26,10,False
C100821,41.890109,-87.66283,THEFT,2025-09-14,6,True
C100822,41.882905,-87.655794,ROBBERY,2025-08-05,11,False
C100823,41.856124,-87.649874,ASSAULT,2025-10-10,7,False
C100824,41.894531,-87.600504,NARCOTICS,2025-07-25,11,False
C100825,41.835153,-87.622565,FRAUD,2025-09-26,14,True
C100826,41.851532,-87.614579,NARCOTICS,2025-11-19,17,False
C100827,41.857121,-87.650392,FRAUD,2025-09-01,6,False
C100828,41.882054,-87.667954,THEFT,2025-01-16,23,False
C100829,41.895307,-87.599795,NARCOTICS,2025-09-30,22,False
C100830,41.84,-87.630476,NARCOTICS,2025-03-11,22,False
C100831,41.878389,-87.620321,THEFT,2025-12-03,24,False
C100832,41.882876,-87.655633,THEFT,2025-05-05,6,False
C100833,41.884476,-87.633449,FRAUD,2025-04-07,3,False
C100834,41.883759,-87.651667,THEFT,2025-12-09,13,False
C100835,41.892683,-87.600492,ROBBERY,2025-04-12,11,False
C100836,41.875853,-87.629785,BURGLARY,2025-12-18,18,True
C100837,41.845565,-87.612644,FRAUD,2025-12-25,11,False
C100838,41.879255,-87.673141,NARCOTICS,2025-10-21,14,False
C100839,41.831568,-87.653031,FRAUD,2025-11-18,24,True
C100840,41.883903,-87.629823,MOTOR VEHICLE THEFT,2025-11-09,16,False
C100841,41.840593,-87.628707,FRAUD,2025-08-31,24,True
C100842,41.851012,-87.613818,NARCOTICS,2025-11-19,9,False
C100843,41.850988,-87.608264,NARCOTICS,2025-10-17,2,False
C100844,41.855402,-87.651661,ROBBERY,2025-01-10,10,False
C100845,41.831829,-87.655618,THEFT,2025-08-23,23,False
C100846,41.902358,-87.626694,BURGLARY,2025-12-27,1,False
C100847,41.87646,-87.635167,ROBBERY,2025-04-23,16,False
C100848,41.879668,-87.633932,BURGLARY,2025-12-17,5,True
C100849,41.87531,-87.623403,NARCOTICS,2025-07-26,12,True
C100850,41.898339,-87.598156,ASSAULT,2025-09-30,6,False
C100851,41.88053,-87.634019,MOTOR VEHICLE THEFT,2025-03-31,11,False
C100852,41.872525,-87.644655,ROBBERY,2025-06-16,16,False
C100853,41.853586,-87.654614,ROBBERY,2025-02-05,21,True
C100854,41.856819,-87.651384,THEFT,2025-08-11,8,False
C100855,41.878772,-87.630047,ASSAULT,2025-05-04,4,False
C100856,41.853285,-87.612591,NARCOTICS,2025-07-02,3,True
C100857,41.866084,-87.660431,VANDALISM,2025-10-23,10,True
C100858,41.848397,-87.606197,MOTOR VEHICLE THEFT,2025-09-28,15,False
C100859,41.851038,-87.599627,VANDALISM,2025-02-20,3,False
C100860,41.875207,-87.624525,THEFT,2025-07-09,19,False
C100861,41.878758,-87.629195,THEFT,2025-01-17,10,True
C100862,41.895653,-87.596587,ASSAULT,2025-07-12,9,False
C100863,41.895026,-87.598337,ASSAULT,2025-03-27,20,False
C100864,41.855438,-87.657912,MOTOR VEHICLE THEFT,2025-06-13,13,False
C100865,41.872747,-87.577214,ASSAULT,2025-10-14,20,False
C100866,41.857869,-87.611853,ROBBERY,2025-04-04,2,False
C100867,41.872438,-87.675247,THEFT,2025-11-19,4,True
C100868,41.875843,-87.62877,FRAUD,2025-01-30,20,False
C100869,41.854764,-87.612392,MOTOR VEHICLE THEFT,2025-04-10,6,False
C100870,41.901822,-87.567081,VANDALISM,2025-09-26,13,False
C100871,41.871126,-87.628162,FRAUD,2025-12-17,17,True
C100872,41.890027,-87.597537,NARCOTICS,2025-03-26,24,False
C100873,41.850154,-87.561044,BURGLARY,2025-06-24,5,False
C100874,41.854349,-87.609659,NARCOTICS,2025-02-10,18,False
C100875,41.888155,-87.667458,VANDALISM,2025-09-08,2,True
C100876,41.893787,-87.59522,NARCOTICS,2025-01-11,23,False
C100877,41.885541,-87.668559,MOTOR VEHICLE THEFT,2025-09-01,21,False
C100878,41.881027,-87.623344,THEFT,2025-11-03,9,False
C100879,41.869606,-87.580328,VANDALISM,2025-06-12,1,False
C100880,41.852581,-87.608678,NARCOTICS,2025-09-04,23,True
C100881,41.874771,-87.636161,ROBBERY,2025-11-04,22,False
C100882,41.875969,-87.628986,FRAUD,2025-03-02,16,False
C100883,41.877391,-87.63692,THEFT,2025-11-24,15,False
C100884,41.85124,-87.605879,ASSAULT,2025-11-06,11,False
C100885,41.836957,-87.639123,ASSAULT,2025-06-22,10,False
C100886,41.880893,-87.628774,ROBBERY,2025-01-27,19,False
C100887,41.895865,-87.592787,THEFT,2025-04-20,8,False
C100888,41.889113,-87.666185,ASSAULT,2025-11-10,5,False
C100889,41.85512,-87.608544,MOTOR VEHICLE THEFT,2025-12-08,10,False
C100890,41.875488,-87.630896,ASSAULT,2025-12-21,18,False
C100891,41.871226,-87.581991,VANDALISM,2025-09-13,22,False
C100892,41.884963,-87.663921,MOTOR VEHICLE THEFT,2025-02-19,18,False
C100893,41.877717,-87.631462,FRAUD,2025-05-13,14,True
C100894,41.837854,-87.640642,ASSAULT,2025-02-12,5,False
C100895,41.851214,-87.614878,NARCOTICS,2025-03-01,4,False
C100896,41.83577,-87.640425,BURGLARY,2025-08-05,16,False
C100897,41.856447,-87.652891,FRAUD,2025-05-25,14,False
C100898,41.86899,-87.5815,ASSAULT,2025-02-01,17,False
C100899,41.872859,-87.575772,THEFT,2025-06-12,8,False
C100900,41.878812,-87.661909,BURGLARY,2025-04-25,24,True
C100901,41.869064,-87.579947,FRAUD,2025-10-25,22,True
C100902,41.896015,-87.602679,BURGLARY,2025-08-16,4,False
C100903,41.882902,-87.673368,MOTOR VEHICLE THEFT,2025-09-14,4,False
C100904,41.854032,-87.610723,BURGLARY,2025-08-27,2,False
C100905,41.89477,-87.600649,ASSAULT,2025-07-06,12,False
C100906,41.891581,-87.65579,VANDALISM,2025-09-17,12,False
C100907,41.87332,-87.640494,NARCOTICS,2025-11-28,1,False
C100908,41.856381,-87.65113,VANDALISM,2025-05-21,19,False
C100909,41.886357,-87.668829,THEFT,2025-08-02,7,False
C100910,41.877751,-87.628365,THEFT,2025-07-04,9,False
C100911,41.880336,-87.667081,BURGLARY,2025-11-12,18,False
C100912,41.888436,-87.608842,ASSAULT,2025-07-21,5,False
C100913,41.877026,-87.627463,THEFT,2025-01-24,15,True
C100914,41.888956,-87.660516,MOTOR VEHICLE THEFT,2025-02-26,7,False
C100915,41.87835,-87.628311,VANDALISM,2025-01-30,23,True
C100916,41.895672,-87.595784,ASSAULT,2025-06-14,1,False
C100917,41.872769,-87.700621,BURGLARY,2025-11-10,4,False
C100918,41.852713,-87.609235,MOTOR VEHICLE THEFT,2025-07-31,1,False
C100919,41.876605,-87.628184,ROBBERY,2025-09-26,12,False
C100920,41.892905,-87.59607,THEFT,2025-01-25,11,False
C100921,41.856471,-87.650494,ROBBERY,2025-04-05,3,False
C100922,41.880694,-87.634885,ASSAULT,2025-02-26,7,False
C100923,41.888826,-87.67057,VANDALISM,2025-02-13,17,False
C100924,41.89403,-87.619813,BURGLARY,2025-10-03,5,False
C100925,41.896064,-87.595214,NARCOTICS,2025-01-27,3,False
C100926,41.882204,-87.62582,ASSAULT,2025-05-11,5,True
C100927,41.856061,-87.612095,MOTOR VEHICLE THEFT,2025-04-27,23,False
C100928,41.881881,-87.664177,MOTOR VEHICLE THEFT,2025-08-23,19,False
C100929,41.891308,-87.658723,VANDALISM,2025-11-20,12,False
C100930,41.890747,-87.594038,ASSAULT,2025-02-20,14,False
C100931,41.884249,-87.673353,VANDALISM,2025-03-12,13,False
C100932,41.881005,-87.631592,VANDALISM,2025-08-12,2,False
C100933,41.876562,-87.637551,THEFT,2025-04-01,9,True
C100934,41.869722,-87.578454,MOTOR VEHICLE THEFT,2025-03-17,8,False
C100935,41.895001,-87.600739,ROBBERY,2025-10-31,10,False
C100936,41.88834,-87.667377,VANDALISM,2025-07-25,23,False
C100937,41.889627,-87.667902,MOTOR VEHICLE THEFT,2025-03-09,21,False
C100938,41.881692,-87.658213,MOTOR VEHICLE THEFT,2025-01-31,21,False
C100939,41.875609,-87.62557,ROBBERY,2025-03-29,19,False
C100940,41.881846,-87.668082,FRAUD,2025-04-20,13,False
C100941,41.895795,-87.599693,ASSAULT,2025-09-30,10,False
C100942,41.857715,-87.653261,BURGLARY,2025-09-04,8,False
C100943,41.873984,-87.578364,BURGLARY,2025-11-09,20,True
C100944,41.87087,-87.57984,VANDALISM,2025-07-28,8,False
C100945,41.888459,-87.658472,NARCOTICS,2025-12-10,10,False
C100946,41.881667,-87.64353,FRAUD,2025-10-07,8,False
C100947,41.859226,-87.65478,ASSAULT,2025-01-17,2,False
C100948,41.855236,-87.618888,VANDALISM,2025-02-16,10,False
C100949,41.891776,-87.60011,ASSAULT,2025-05-01,6,False
C100950,41.881847,-87.629449,ASSAULT,2025-01-16,9,True
C100951,41.833356,-87.64914,ASSAULT,2025-08-11,11,True
C100952,41.895105,-87.663818,BURGLARY,2025-06-05,15,False
C100953,41.87252,-87.581663,VANDALISM,2025-05-02,11,False
C100954,41.889006,-87.667057,FRAUD,2025-09-04,23,False
C100955,41.896584,-87.59572,NARCOTICS,2025-09-28,5,False
C100956,41.85205,-87.613251,BURGLARY,2025-04-01,4,False
C100957,41.891466,-87.591334,ROBBERY,2025-03-24,17,True
C100958,41.893689,-87.600658,ROBBERY,2025-04-06,19,False
C100959,41.87922,-87.63457,THEFT,2025-08-09,6,False
C100960,41.880185,-87.670396,THEFT,2025-03-26,21,False
C100961,41.877688,-87.628004,MOTOR VEHICLE THEFT,2025-03-01,16,False
C100962,41.870537,-87.631739,THEFT,2025-05-18,6,True
C100963,41.871785,-87.634187,THEFT,2025-02-24,13,False
C100964,41.890287,-87.663066,FRAUD,2025-03-19,19,False
C100965,41.853324,-87.615754,NARCOTICS,2025-10-19,16,False
C100966,41.85233,-87.617948,THEFT,2025-10-12,7,False
C100967,41.8753,-87.636829,NARCOTICS,2025-08-18,22,False
C100968,41.875023,-87.624832,BURGLARY,2025-05-26,4,False
C100969,41.895114,-87.597674,NARCOTICS,2025-07-27,18,False
C100970,41.878428,-87.637236,ASSAULT,2025-09-07,15,False
C100971,41.872145,-87.580485,ASSAULT,2025-05-18,15,False
C100972,41.887266,-87.672343,ROBBERY,2025-02-15,5,False
C100973,41.875746,-87.634919,ASSAULT,2025-09-03,17,False
C100974,41.881549,-87.666491,VANDALISM,2025-12-04,8,False
C100975,41.852947,-87.615142,FRAUD,2025-12-14,13,False
C100976,41.880086,-87.631385,THEFT,2025-05-12,16,False
C100977,41.88415,-87.630081,FRAUD,2025-05-17,24,False
C100978,41.884082,-87.684131,VANDALISM,2025-05-10,13,False
C100979,41.88105,-87.626351,ASSAULT,2025-01-18,20,True
C100980,41.842138,-87.623198,THEFT,2025-04-30,1,False
C100981,41.880325,-87.649651,FRAUD,2025-04-05,4,False
C100982,41.856637,-87.622874,NARCOTICS,2025-07-24,23,False
C100983,41.853576,-87.61198,NARCOTICS,2025-10-13,4,True
C100984,41.849871,-87.615656,NARCOTICS,2025-01-07,4,True
C100985,41.875103,-87.625272,MOTOR VEHICLE THEFT,2025-04-19,11,True
C100986,41.895654,-87.596546,ASSAULT,2025-02-17,15,False
C100987,41.892211,-87.664111,THEFT,2025-10-03,23,False
C100988,41.855547,-87.613073,ROBBERY,2025-04-16,22,False
C100989,41.874511,-87.626662,THEFT,2025-03-16,4,False
C100990,41.870373,-87.634034,ASSAULT,2025-11-05,20,True
C100991,41.855763,-87.650925,BURGLARY,2025-08-06,6,False
C100992,41.872988,-87.581136,VANDALISM,2025-03-25,9,False
C100993,41.873515,-87.628812,THEFT,2025-05-14,24,False
C100994,41.872425,-87.574869,BURGLARY,2025-08-05,19,False
C100995,41.870198,-87.578631,ASSAULT,2025-07-14,18,False
C100996,41.879101,-87.635671,NARCOTICS,2025-01-09,7,False
C100997,41.892519,-87.59822,ASSAULT,2025-05-17,14,True
C100998,41.893586,-87.596346,ASSAULT,2025-12-14,22,False
C100999,41.91642,-87.606496,VANDALISM,2025-08-05,4,False
C101000,41.826273,-87.657973,ASSAULT,2025-05-10,12,False
C101001,41.890232,-87.599225,ASSAULT,2025-09-27,1,True
C101002,41.843557,-87.619531,THEFT,2025-05-18,18,False
C101003,41.84871,-87.603908,BURGLARY,2025-09-13,8,False
C101004,41.858527,-87.650876,ROBBERY,2025-04-16,19,False
C101005,41.851919,-87.614055,NARCOTICS,2025-06-07,5,False
C101006,41.887521,-87.655657,ASSAULT,2025-01-02,20,False
C101007,41.84916,-87.611619,BURGLARY,2025-01-14,22,True
C101008,41.894783,-87.600634,ROBBERY,2025-07-05,24,False
C101009,41.888598,-87.65086,NARCOTICS,2025-10-29,13,False
C101010,41.83352,-87.565409,ASSAULT,2025-03-12,15,False
C101011,41.850722,-87.605488,VANDALISM,2025-02-08,13,False
C101012,41.886993,-87.659712,BURGLARY,2025-06-01,9,False
C101013,41.894564,-87.599397,ASSAULT,2025-05-19,15,False
C101014,41.870077,-87.579238,FRAUD,2025-07-22,17,True
C101015,41.844936,-87.615325,THEFT,2025-10-15,12,False
C101016,41.825542,-87.619536,ASSAULT,2025-12-30,4,False
C101017,41.914023,-87.693149,NARCOTICS,2025-12-24,6,True
C101018,41.893388,-87.596836,ASSAULT,2025-05-20,11,False
C101019,41.850931,-87.611857,FRAUD,2025-09-23,18,False
C101020,41.892957,-87.599682,MOTOR VEHICLE THEFT,2025-10-01,11,False
C101021,41.885126,-87.664582,MOTOR VEHICLE THEFT,2025-02-11,18,False
C101022,41.852288,-87.610127,BURGLARY,2025-05-12,15,False
C101023,41.895493,-87.599644,BURGLARY,2025-12-19,22,True
C101024,41.855231,-87.608463,NARCOTICS,2025-07-20,10,True
C101025,41.829243,-87.663669,THEFT,2025-01-18,12,True
C101026,41.877847,-87.628181,BURGLARY,2025-07-10,3,False
C101027,41.893599,-87.601194,NARCOTICS,2025-01-14,4,False
C101028,41.853237,-87.612411,NARCOTICS,2025-04-18,7,False
C101029,41.892953,-87.598428,ROBBERY,2025-09-26,24,False
C101030,41.83989,-87.631734,FRAUD,2025-09-14,4,True
C101031,41.895893,-87.598789,NARCOTICS,2025-12-02,1,False
C101032,41.857095,-87.654311,BURGLARY,2025-11-19,20,False
C101033,41.892629,-87.599139,ASSAULT,2025-08-22,4,False
C101034,41.848666,-87.603326,BURGLARY,2025-05-24,1,False
C101035,41.832312,-87.653012,NARCOTICS,2025-11-16,17,False
C101036,41.882966,-87.629134,THEFT,2025-11-18,17,False
C101037,41.882728,-87.666482,NARCOTICS,2025-08-25,21,True
C101038,41.881906,-87.630838,ASSAULT,2025-10-15,20,False
C101039,41.887737,-87.663039,BURGLARY,2025-01-31,23,False
C101040,41.839773,-87.628049,ROBBERY,2025-02-09,21,True
C101041,41.879475,-87.630155,THEFT,2025-08-15,15,False
C101042,41.89507,-87.600162,ASSAULT,2025-01-30,20,False
C101043,41.857972,-87.65545,BURGLARY,2025-10-07,7,True
C101044,41.841989,-87.620074,THEFT,2025-09-06,13,True
C101045,41.883526,-87.670012,BURGLARY,2025-06-30,1,False
C101046,41.854886,-87.651052,MOTOR VEHICLE THEFT,2025-05-25,11,False
C101047,41.875902,-87.631049,THEFT,2025-09-17,18,False
C101048,41.874879,-87.63321,FRAUD,2025-04-09,18,False
C101049,41.858279,-87.653986,FRAUD,2025-06-20,16,True
C101050,41.847977,-87.613791,ASSAULT,2025-09-18,2,False
C101051,41.868247,-87.581403,VANDALISM,2025-02-07,3,False
C101052,41.878618,-87.625386,ASSAULT,2025-11-06,8,False
C101053,41.884408,-87.666939,BURGLARY,2025-11-11,18,False
C101054,41.898832,-87.596621,NARCOTICS,2025-03-29,12,False
C101055,41.892829,-87.599811,NARCOTICS,2025-03-17,23,False
C101056,41.853509,-87.605359,NARCOTICS,2025-08-06,23,False
C101057,41.898574,-87.601301,MOTOR VEHICLE THEFT,2025-03-16,5,False
C101058,41.832245,-87.595124,NARCOTICS,2025-10-10,16,False
C101059,41.885606,-87.669167,MOTOR VEHICLE THEFT,2025-02-17,15,False
C101060,41.883689,-87.668693,BURGLARY,2025-04-05,14,False
C101061,41.894643,-87.60268,ASSAULT,2025-05-07,11,False
C101062,41.876801,-87.62579,THEFT,2025-05-17,13,False
C101063,41.884226,-87.67221,MOTOR VEHICLE THEFT,2025-05-27,15,False
C101064,41.824853,-87.666748,THEFT,2025-02-02,8,False
C101065,41.850339,-87.570509,THEFT,2025-03-14,3,True
C101066,41.868784,-87.575834,VANDALISM,2025-11-23,14,False
C101067,41.853436,-87.651416,ROBBERY,2025-03-01,22,True
C101068,41.869657,-87.580523,VANDALISM,2025-05-13,7,True
C101069,41.848913,-87.614555,BURGLARY,2025-06-14,8,False
C101070,41.880565,-87.63,ROBBERY,2025-11-27,3,False
C101071,41.88061,-87.62629,FRAUD,2025-01-05,16,False
C101072,41.852106,-87.6472,ROBBERY,2025-08-08,1,False
C101073,41.912309,-87.61548,ROBBERY,2025-06-29,6,False
C101074,41.876848,-87.637071,THEFT,2025-09-11,6,False
C101075,41.845418,-87.613623,THEFT,2025-02-09,5,False
C101076,41.895117,-87.602293,THEFT,2025-09-25,22,True
C101077,41.890363,-87.674994,FRAUD,2025-02-18,24,False
C101078,41.879613,-87.623096,THEFT,2025-10-24,16,False
C101079,41.850787,-87.648008,THEFT,2025-02-13,7,False
C101080,41.850582,-87.608228,ASSAULT,2025-09-23,14,False
C101081,41.858273,-87.646696,ROBBERY,2025-11-06,23,False
C101082,41.854545,-87.60819,FRAUD,2025-01-06,16,False
C101083,41.896088,-87.595473,THEFT,2025-10-25,21,False
C101084,41.849851,-87.609442,BURGLARY,2025-11-23,17,False
C101085,41.839517,-87.633013,ROBBERY,2025-12-26,14,True
C101086,41.841665,-87.623312,FRAUD,2025-07-11,22,False
C101087,41.875993,-87.634578,THEFT,2025-10-22,14,False
C101088,41.855204,-87.653903,FRAUD,2025-01-11,17,False
C101089,41.851633,-87.618648,NARCOTICS,2025-07-04,1,False
C101090,41.877807,-87.625234,THEFT,2025-04-22,11,True
C101091,41.89398,-87.597431,NARCOTICS,2025-05-24,19,False
C101092,41.8858,-87.65879,MOTOR VEHICLE THEFT,2025-04-20,16,False
C101093,41.83091,-87.568957,THEFT,2025-08-02,17,False
C101094,41.875122,-87.623948,THEFT,2025-11-14,19,False
C101095,41.875961,-87.628168,BURGLARY,2025-08-18,15,False
C101096,41.853905,-87.612716,VANDALISM,2025-08-09,3,False
C101097,41.853514,-87.65073,FRAUD,2025-12-27,20,False
C101098,41.856997,-87.650673,FRAUD,2025-06-18,13,True
C101099,41.852909,-87.656379,NARCOTICS,2025-05-03,12,False
C101100,41.884902,-87.660694,FRAUD,2025-04-20,10,False
C101101,41.84901,-87.604468,BURGLARY,2025-11-26,10,False
C101102,41.872034,-87.580288,FRAUD,2025-10-21,5,False
C101103,41.896101,-87.598708,FRAUD,2025-12-14,18,False
C101104,41.836747,-87.639501,NARCOTICS,2025-10-23,20,False
C101105,41.838886,-87.573121,THEFT,2025-12-15,12,False
C101106,41.871517,-87.579397,ASSAULT,2025-07-11,3,False
C101107,41.889406,-87.684622,VANDALISM,2025-08-17,15,False
C101108,41.884297,-87.673243,BURGLARY,2025-07-29,1,False
C101109,41.913757,-87.585907,VANDALISM,2025-08-13,4,False
C101110,41.893912,-87.596941,ROBBERY,2025-01-08,5,False
C101111,41.887586,-87.660795,BURGLARY,2025-12-30,5,False
C101112,41.850388,-87.569226,VANDALISM,2025-05-28,13,False
C101113,41.832553,-87.653001,VANDALISM,2025-06-01,5,False
C101114,41.852145,-87.652278,FRAUD,2025-08-15,13,False
C101115,41.842528,-87.624375,FRAUD,2025-10-11,20,False
C101116,41.894343,-87.599003,ASSAULT,2025-05-07,21,False
C101117,41.841189,-87.627191,ASSAULT,2025-01-30,24,False
C101118,41.893022,-87.600264,ASSAULT,2025-03-05,20,False
C101119,41.848999,-87.608648,FRAUD,2025-03-29,24,True
C101120,41.879517,-87.674292,BURGLARY,2025-03-11,20,True
C101121,41.89428,-87.5974,ASSAULT,2025-07-03,14,False
C101122,41.891615,-87.598132,NARCOTICS,2025-05-03,2,False
C101123,41.835544,-87.642871,MOTOR VEHICLE THEFT,2025-09-26,19,False
C101124,41.88567,-87.668063,BURGLARY,2025-06-18,5,False
C101125,41.881848,-87.632145,NARCOTICS,2025-03-07,3,False
C101126,41.887646,-87.659397,ASSAULT,2025-12-12,13,False
C101127,41.865408,-87.668458,VANDALISM,2025-10-27,8,False
C101128,41.894343,-87.665436,BURGLARY,2025-06-14,16,False
C101129,41.880829,-87.633978,ROBBERY,2025-07-29,23,False
C101130,41.893824,-87.595838,ROBBERY,2025-07-05,1,False
C101131,41.863994,-87.570834,FRAUD,2025-02-19,8,False
C101132,41.872941,-87.629963,BURGLARY,2025-03-01,21,True
C101133,41.858365,-87.652294,NARCOTICS,2025-01-15,4,True
C101134,41.880298,-87.653052,FRAUD,2025-03-19,6,False
C101135,41.922558,-87.575144,ASSAULT,2025-05-26,11,False
C101136,41.917124,-87.675057,ASSAULT,2025-03-25,13,False
C101137,41.843446,-87.626992,VANDALISM,2025-10-27,19,True
C101138,41.854344,-87.647894,FRAUD,2025-03-01,19,False
C101139,41.851327,-87.613435,ASSAULT,2025-12-23,24,True
C101140,41.870999,-87.580072,ASSAULT,2025-11-28,9,True
C101141,41.85166,-87.569294,NARCOTICS,2025-10-05,1,False
C101142,41.891905,-87.599201,VANDALISM,2025-05-12,22,False
C101143,41.850405,-87.60055,MOTOR VEHICLE THEFT,2025-03-24,16,False
C101144,41.849451,-87.612536,NARCOTICS,2025-08-16,16,False
C101145,41.838372,-87.636249,ROBBERY,2025-11-24,21,False
C101146,41.908286,-87.565668,THEFT,2025-09-22,7,False
C101147,41.873164,-87.597209,THEFT,2025-02-26,20,True
C101148,41.868708,-87.579051,VANDALISM,2025-02-18,18,False
C101149,41.851016,-87.616103,ROBBERY,2025-05-25,23,False
C101150,41.885773,-87.628144,ROBBERY,2025-10-09,11,False
C101151,41.888885,-87.665069,BURGLARY,2025-09-02,16,True
C101152,41.871886,-87.581296,VANDALISM,2025-10-03,15,True
C101153,41.852987,-87.653852,THEFT,2025-05-04,21,False
C101154,41.854549,-87.613593,FRAUD,2025-04-30,18,False
C101155,41.886525,-87.678446,BURGLARY,2025-05-01,10,True
C101156,41.887292,-87.662324,NARCOTICS,2025-10-03,18,False
C101157,41.873607,-87.663217,THEFT,2025-06-08,15,False
C101158,41.849576,-87.681664,ASSAULT,2025-11-04,20,True
C101159,41.860359,-87.609861,MOTOR VEHICLE THEFT,2025-11-27,14,False
C101160,41.889794,-87.661375,BURGLARY,2025-05-24,14,False
C101161,41.852887,-87.614399,NARCOTICS,2025-06-20,11,False
C101162,41.844284,-87.615234,ROBBERY,2025-02-11,13,False
C101163,41.893764,-87.601759,THEFT,2025-02-01,11,False
C101164,41.839321,-87.596375,FRAUD,2025-01-24,11,False
C101165,41.88046,-87.63337,FRAUD,2025-05-10,17,False
C101166,41.855729,-87.613014,NARCOTICS,2025-02-05,18,False
C101167,41.895213,-87.596946,NARCOTICS,2025-08-02,4,False
C101168,41.880592,-87.623473,FRAUD,2025-01-29,24,True
C101169,41.922885,-87.603241,FRAUD,2025-07-17,21,False
C101170,41.880968,-87.674502,MOTOR VEHICLE THEFT,2025-05-08,15,False
C101171,41.853979,-87.653009,FRAUD,2025-12-15,18,False
C101172,41.847298,-87.607098,ASSAULT,2025-12-26,13,True
C101173,41.825658,-87.615527,FRAUD,2025-07-05,5,False
C101174,41.848691,-87.603293,NARCOTICS,2025-10-28,8,False
C101175,41.851982,-87.609544,NARCOTICS,2025-10-16,9,False
C101176,41.854966,-87.607563,MOTOR VEHICLE THEFT,2025-01-10,19,False
C101177,41.890867,-87.594972,NARCOTICS,2025-10-01,21,False
C101178,41.871432,-87.576362,BURGLARY,2025-01-07,16,False
C101179,41.870267,-87.563983,NARCOTICS,2025-06-20,11,True
C101180,41.872992,-87.577906,VANDALISM,2025-12-17,1,False
C101181,41.886277,-87.675188,VANDALISM,2025-06-02,21,False
C101182,41.876681,-87.639322,FRAUD,2025-04-06,14,False
C101183,41.879554,-87.625748,ASSAULT,2025-06-17,10,False
C101184,41.854913,-87.612656,NARCOTICS,2025-02-28,10,False
C101185,41.889118,-87.664694,BURGLARY,2025-02-13,24,False
C101186,41.842684,-87.622504,THEFT,2025-05-07,18,False
C101187,41.875883,-87.632338,ASSAULT,2025-02-01,10,False
C101188,41.885189,-87.663891,THEFT,2025-08-13,10,False
C101189,41.878813,-87.630422,THEFT,2025-02-11,24,False
C101190,41.927074,-87.567614,ASSAULT,2025-12-08,23,True
C101191,41.89321,-87.602519,ASSAULT,2025-02-17,10,False
C101192,41.894672,-87.590277,ROBBERY,2025-03-24,1,False
C101193,41.880566,-87.627139,THEFT,2025-01-30,11,False
C101194,41.878034,-87.630148,ASSAULT,2025-07-14,20,False
C101195,41.854861,-87.575492,VANDALISM,2025-05-25,5,False
C101196,41.848373,-87.607897,MOTOR VEHICLE THEFT,2025-03-01,9,False
C101197,41.891893,-87.598781,ASSAULT,2025-02-24,19,True
C101198,41.876071,-87.625721,ASSAULT,2025-04-04,7,True
C101199,41.892761,-87.60222,MOTOR VEHICLE THEFT,2025-12-23,2,False
C101200,41.851617,-87.606679,NARCOTICS,2025-12-28,7,False
C101201,41.875493,-87.628655,BURGLARY,2025-05-29,19,False
C101202,41.830339,-87.655995,ASSAULT,2025-05-31,6,False
C101203,41.854366,-87.610876,NARCOTICS,2025-01-02,12,False
C101204,41.868559,-87.57952,ASSAULT,2025-01-05,21,False
C101205,41.854277,-87.614496,BURGLARY,2025-08-30,21,False
C101206,41.834993,-87.642742,BURGLARY,2025-01-19,10,False
C101207,41.834584,-87.607881,NARCOTICS,2025-09-19,15,True
C101208,41.841364,-87.657682,THEFT,2025-06-23,19,False
C101209,41.886326,-87.668623,BURGLARY,2025-12-13,23,False
C101210,41.839395,-87.634936,NARCOTICS,2025-08-25,8,False
C101211,41.858224,-87.651672,ASSAULT,2025-03-31,13,False
C101212,41.830332,-87.584451,FRAUD,2025-12-19,5,True
C101213,41.848123,-87.609811,THEFT,2025-04-27,6,True
C101214,41.855348,-87.613105,ASSAULT,2025-10-09,2,False
C101215,41.890507,-87.59893,ASSAULT,2025-10-01,23,False
C101216,41.879942,-87.627714,ROBBERY,2025-07-24,9,True
C101217,41.905594,-87.674915,THEFT,2025-08-17,22,False
C101218,41.852829,-87.614214,FRAUD,2025-01-23,21,False
C101219,41.884332,-87.663065,BURGLARY,2025-08-17,21,True
C101220,41.852089,-87.612362,VANDALISM,2025-01-24,13,False
C101221,41.875198,-87.641456,ASSAULT,2025-12-08,15,False
C101222,41.893243,-87.601726,MOTOR VEHICLE THEFT,2025-01-31,1,False
C101223,41.851521,-87.594915,NARCOTICS,2025-12-30,7,False
C101224,41.839129,-87.632777,VANDALISM,2025-02-08,1,True
C101225,41.869862,-87.580887,VANDALISM,2025-01-04,1,True
C101226,41.895875,-87.598242,ASSAULT,2025-03-05,9,False
C101227,41.830588,-87.658586,THEFT,2025-05-22,20,False
C101228,41.895123,-87.601639,VANDALISM,2025-02-23,15,False
C101229,41.854869,-87.64784,FRAUD,2025-12-11,16,False
C101230,41.84364,-87.609434,MOTOR VEHICLE THEFT,2025-11-10,8,True
C101231,41.851767,-87.613996,BURGLARY,2025-01-07,11,False
C101232,41.881745,-87.634636,THEFT,2025-05-12,10,False
C101233,41.870187,-87.578688,ROBBERY,2025-05-04,13,False
C101234,41.880047,-87.636261,ASSAULT,2025-04-14,4,False
C101235,41.873952,-87.629597,MOTOR VEHICLE THEFT,2025-10-06,19,False
C101236,41.833218,-87.650204,BURGLARY,2025-04-14,11,False
C101237,41.890153,-87.659984,ASSAULT,2025-01-28,6,True
C101238,41.889835,-87.655784,VANDALISM,2025-02-26,4,True
C101239,41.876084,-87.630403,VANDALISM,2025-08-03,1,False
C101240,41.885295,-87.669225,BURGLARY,2025-02-13,12,True
C101241,41.884061,-87.662935,THEFT,2025-12-02,3,False
C101242,41.88455,-87.664853,THEFT,2025-01-05,8,False
C101243,41.89477,-87.602328,ASSAULT,2025-07-14,24,False
C101244,41.89007,-87.668665,MOTOR VEHICLE THEFT,2025-01-05,13,False
C101245,41.850605,-87.613998,FRAUD,2025-01-02,6,False
C101246,41.876085,-87.631988,MOTOR VEHICLE THEFT,2025-11-02,21,True
C101247,41.882507,-87.681909,BURGLARY,2025-02-11,24,True
C101248,41.891261,-87.599453,ROBBERY,2025-02-04,5,True
C101249,41.890433,-87.650621,NARCOTICS,2025-05-30,1,False
C101250,41.8931,-87.599557,MOTOR VEHICLE THEFT,2025-07-30,19,False
C101251,41.889127,-87.663195,BURGLARY,2025-01-05,17,False
C101252,41.880365,-87.659573,BURGLARY,2025-03-23,16,False
C101253,41.887135,-87.663861,THEFT,2025-08-30,13,False
C101254,41.878113,-87.631298,THEFT,2025-01-05,17,False
C101255,41.841217,-87.628264,BURGLARY,2025-04-09,12,False
C101256,41.888679,-87.667528,MOTOR VEHICLE THEFT,2025-12-07,9,False
C101257,41.897303,-87.597913,VANDALISM,2025-05-06,1,False
C101258,41.851606,-87.596983,VANDALISM,2025-02-01,8,True
C101259,41.850599,-87.610787,NARCOTICS,2025-10-14,14,False
C101260,41.860008,-87.657668,VANDALISM,2025-08-17,11,False
C101261,41.849581,-87.608533,ASSAULT,2025-09-26,15,False
C101262,41.898541,-87.603249,ROBBERY,2025-01-25,6,True
C101263,41.878016,-87.634212,THEFT,2025-10-20,21,False
C101264,41.880966,-87.665413,VANDALISM,2025-12-03,17,False
C101265,41.881514,-87.662527,THEFT,2025-03-11,20,True
C101266,41.878794,-87.633926,NARCOTICS,2025-09-19,22,False
C101267,41.882679,-87.665925,VANDALISM,2025-05-06,20,False
C101268,41.856643,-87.614925,BURGLARY,2025-01-26,18,False
C101269,41.893012,-87.600921,ROBBERY,2025-08-21,2,False
C101270,41.895387,-87.596971,ROBBERY,2025-08-09,11,True
C101271,41.870285,-87.581954,VANDALISM,2025-07-03,22,True
C101272,41.843388,-87.621576,FRAUD,2025-09-06,22,False
C101273,41.8514,-87.59734,MOTOR VEHICLE THEFT,2025-10-22,13,False
C101274,41.856131,-87.609472,MOTOR VEHICLE THEFT,2025-03-01,21,False
C101275,41.904538,-87.623924,FRAUD,2025-05-31,21,True
C101276,41.878299,-87.635476,THEFT,2025-08-10,15,False
C101277,41.886715,-87.658119,FRAUD,2025-11-29,22,False
C101278,41.854904,-87.613082,NARCOTICS,2025-02-05,16,False
C101279,41.839993,-87.632303,BURGLARY,2025-03-22,2,False
C101280,41.849584,-87.605145,NARCOTICS,2025-10-04,4,False
C101281,41.847487,-87.607406,ASSAULT,2025-08-27,10,True
C101282,41.888662,-87.664112,BURGLARY,2025-11-26,12,False
C101283,41.854057,-87.651,THEFT,2025-10-19,13,False
C101284,41.86829,-87.580515,ASSAULT,2025-08-29,10,False
C101285,41.853364,-87.620316,ASSAULT,2025-12-27,15,True
C101286,41.888649,-87.665759,BURGLARY,2025-12-24,8,False
C101287,41.887356,-87.66595,VANDALISM,2025-05-19,23,True
C101288,41.856342,-87.650482,FRAUD,2025-11-13,1,False
C101289,41.876568,-87.626604,FRAUD,2025-11-19,1,False
C101290,41.847952,-87.609854,FRAUD,2025-06-30,8,True
C101291,41.870326,-87.58151,VANDALISM,2025-08-08,15,False
C101292,41.874481,-87.636858,ASSAULT,2025-12-31,5,True
C101293,41.903193,-87.643858,ROBBERY,2025-08-23,12,False
C101294,41.855369,-87.652176,THEFT,2025-07-23,7,True
C101295,41.896623,-87.601755,ASSAULT,2025-04-04,4,True
C101296,41.880179,-87.635124,ROBBERY,2025-09-02,18,False
C101297,41.888912,-87.664296,BURGLARY,2025-11-17,17,False
C101298,41.832987,-87.652004,FRAUD,2025-03-10,2,False
C101299,41.861764,-87.569237,FRAUD,2025-01-25,18,False
C101300,41.884325,-87.631182,FRAUD,2025-10-23,24,False
C101301,41.873555,-87.635636,BURGLARY,2025-12-28,3,False
C101302,41.887419,-87.660006,VANDALISM,2025-09-22,13,False
C101303,41.891561,-87.600802,NARCOTICS,2025-07-26,3,False
C101304,41.893086,-87.594552,ROBBERY,2025-02-09,14,False
C101305,41.855501,-87.613648,ASSAULT,2025-08-01,12,False
C101306,41.868118,-87.577833,NARCOTICS,2025-03-12,4,False
C101307,41.827042,-87.621784,BURGLARY,2025-03-05,23,True
C101308,41.836197,-87.641866,VANDALISM,2025-06-12,1,False
C101309,41.875234,-87.628538,THEFT,2025-09-04,20,False
C101310,41.873429,-87.636174,THEFT,2025-11-29,17,False
C101311,41.87506,-87.620266,FRAUD,2025-02-26,16,False
C101312,41.854427,-87.606388,MOTOR VEHICLE THEFT,2025-04-18,24,False
C101313,41.847613,-87.610962,ASSAULT,2025-11-01,10,True
C101314,41.854382,-87.646191,ROBBERY,2025-03-24,14,False
C101315,41.8515,-87.600451,ASSAULT,2025-09-30,23,False
C101316,41.895303,-87.600405,THEFT,2025-05-28,2,True
C101317,41.84695,-87.614188,NARCOTICS,2025-03-03,12,False
C101318,41.842511,-87.623207,THEFT,2025-02-06,20,False
C101319,41.883104,-87.632581,ROBBERY,2025-10-15,4,True
C101320,41.871496,-87.63218,MOTOR VEHICLE THEFT,2025-05-03,5,False
C101321,41.92856,-87.620592,FRAUD,2025-08-20,15,True
C101322,41.854463,-87.653596,ROBBERY,2025-05-23,22,True
C101323,41.85471,-87.617519,THEFT,2025-04-19,3,False
C101324,41.870737,-87.578552,VANDALISM,2025-06-18,2,False
C101325,41.876111,-87.628293,ROBBERY,2025-08-31,21,False
C101326,41.884454,-87.630667,NARCOTICS,2025-01-15,7,False
C101327,41.879228,-87.633412,THEFT,2025-09-11,13,False
C101328,41.847805,-87.608008,NARCOTICS,2025-12-09,19,False
C101329,41.9,-200.5,ASSAULT,2025-07-02,18,False
C101330,41.880085,-87.635064,ROBBERY,2025-03-17,6,False
C101331,41.881435,-87.664453,MOTOR VEHICLE THEFT,2025-09-11,21,False
C101332,41.857654,-87.650555,THEFT,2025-05-04,19,False
C101333,41.88236,-87.672175,BURGLARY,2025-10-16,19,True
C101334,41.884514,-87.63076,FRAUD,2025-04-29,13,False
C101335,41.856002,-87.651038,BURGLARY,2025-11-22,19,True
C101336,41.855445,-87.652329,NARCOTICS,2025-07-23,20,False
C101337,41.884276,-87.655118,NARCOTICS,2025-10-31,19,False
C101338,41.876403,-87.629902,THEFT,2025-05-29,19,False
C101339,41.893348,-87.599179,NARCOTICS,2025-02-09,10,False
C101340,41.892499,-87.666242,VANDALISM,2025-03-14,19,False
C101341,41.892647,-87.597249,MOTOR VEHICLE THEFT,2025-11-11,1,False
C101342,41.87749,-87.629263,NARCOTICS,2025-05-06,22,False
C101343,41.873509,-87.57716,VANDALISM,2025-12-13,7,False
C101344,41.850152,-87.601002,MOTOR VEHICLE THEFT,2025-08-15,15,False
C101345,41.880987,-87.634253,BURGLARY,2025-06-26,16,False
C101346,41.854079,-87.609866,NARCOTICS,2025-09-05,19,False
C101347,41.833796,-87.653331,VANDALISM,2025-11-27,8,False
C101348,41.853676,-87.6549,FRAUD,2025-12-21,14,False
C101349,41.851659,-87.652651,BURGLARY,2025-03-23,24,False
C101350,41.884415,-87.663674,ROBBERY,2025-02-28,24,False
C101351,41.881258,-87.63373,ASSAULT,2025-01-15,8,False
C101352,-87.6298,41.8781,THEFT,2025-10-13,2,False
C101353,41.853351,-87.650485,ROBBERY,2025-06-12,18,False
C101354,41.894361,-87.599606,ASSAULT,2025-01-10,18,False
C101355,41.907222,-87.620549,FRAUD,2025-02-13,3,False
C101356,41.854651,-87.644243,ASSAULT,2025-11-15,1,True
C101357,41.854808,-87.654257,ROBBERY,2025-02-17,11,False
C101358,41.852086,-87.608646,NARCOTICS,2025-03-21,12,False
C101359,41.872856,-87.582521,THEFT,2025-06-12,20,False
C101360,41.854243,-87.614289,NARCOTICS,2025-01-30,18,False
C101361,41.833537,-87.651356,MOTOR VEHICLE THEFT,2025-12-22,22,False
C101362,41.869636,-87.577265,THEFT,2025-10-05,21,False
C101363,41.886131,-87.656581,BURGLARY,2025-07-09,2,False
C101364,41.881114,-87.628992,FRAUD,2025-05-14,15,False
C101365,41.891881,-87.595515,VANDALISM,2025-12-27,20,False
C101366,41.891677,-87.671287,MOTOR VEHICLE THEFT,2025-01-23,11,False
C101367,41.837134,-87.640657,VANDALISM,2025-07-05,24,True
C101368,41.894121,-87.599315,VANDALISM,2025-11-02,19,False
C101369,41.855652,-87.648586,FRAUD,2025-06-19,1,False
C101370,41.855345,-87.61133,FRAUD,2025-08-21,20,False
C101371,41.880539,-87.660777,VANDALISM,2025-01-08,20,False
C101372,41.892431,-87.594937,THEFT,2025-05-16,10,False
C101373,41.852131,-87.612525,ASSAULT,2025-01-31,2,False
C101374,41.888875,-87.667097,BURGLARY,2025-12-16,4,False
C101375,41.892992,-87.598248,ASSAULT,2025-11-16,17,False
C101376,41.895395,-87.664987,NARCOTICS,2025-11-28,10,False
C101377,41.879755,-87.665909,VANDALISM,2025-09-08,24,True
C101378,41.848947,-87.683473,VANDALISM,2025-03-07,12,False
C101379,41.877775,-87.571299,ROBBERY,2025-07-25,3,False
C101380,41.828273,-87.663388,ASSAULT,2025-07-14,22,False
C101381,41.85325,-87.599365,ROBBERY,2025-11-22,18,False
C101382,41.93134,-87.664021,FRAUD,2025-12-21,22,False
C101383,41.879081,-87.625161,ROBBERY,2025-08-26,3,False
C101384,41.854555,-87.619144,BURGLARY,2025-11-21,24,False
C101385,41.88536,-87.632984,FRAUD,2025-04-13,15,False
C101386,41.885748,-87.662386,BURGLARY,2025-05-23,24,True
C101387,41.877326,-87.630358,ASSAULT,2025-11-13,9,False
C101388,41.891392,-87.665671,BURGLARY,2025-04-07,15,False
C101389,41.852438,-87.595922,BURGLARY,2025-09-24,14,False
C101390,41.892579,-87.594899,BURGLARY,2025-05-18,3,False
C101391,41.874158,-87.578866,VANDALISM,2025-01-30,19,False
C101392,41.896928,-87.594292,ROBBERY,2025-11-13,12,False
C101393,41.868755,-87.581051,NARCOTICS,2025-10-31,5,False
C101394,41.877804,-87.6557,MOTOR VEHICLE THEFT,2025-08-09,5,False
C101395,41.875802,-87.621742,ASSAULT,2025-05-14,8,False
C101396,41.878681,-87.664598,BURGLARY,2025-03-14,9,False
C101397,41.855826,-87.651987,THEFT,2025-11-05,3,False
C101398,41.837483,-87.63828,ROBBERY,2025-07-25,16,False
C101399,41.888209,-87.669685,FRAUD,2025-10-29,10,True
C101400,41.88264,-87.656024,ROBBERY,2025-01-16,12,True
C101401,41.849341,-87.601685,BURGLARY,2025-11-28,2,False
C101402,41.853098,-87.611228,NARCOTICS,2025-10-23,24,False
C101403,41.857851,-87.612778,VANDALISM,2025-02-11,1,True
C101404,41.872924,-87.629138,THEFT,2025-08-20,18,False
C101405,41.870271,-87.578074,MOTOR VEHICLE THEFT,2025-09-26,18,False
C101406,41.877883,-87.6336,ASSAULT,2025-05-08,18,False
C101407,41.882084,-87.630473,NARCOTICS,2025-04-25,17,False
C101408,41.882529,-87.626399,BURGLARY,2025-07-24,15,False
C101409,41.854668,-87.655104,MOTOR VEHICLE THEFT,2025-11-10,1,False
C101410,41.890465,-87.59895,THEFT,2025-03-04,7,True
C101411,41.890649,-87.677396,ASSAULT,2025-02-11,16,False
C101412,41.869826,-87.634148,THEFT,2025-10-10,20,False
C101413,41.869918,-87.580116,ROBBERY,2025-11-16,17,False
C101414,41.878329,-87.631878,ROBBERY,2025-02-05,23,False
C101415,41.892587,-87.589898,ASSAULT,2025-12-22,9,False
C101416,41.872414,-87.629564,THEFT,2025-08-09,15,False
C101417,41.843826,-87.614444,NARCOTICS,2025-07-08,8,True
C101418,41.892007,-87.599088,NARCOTICS,2025-06-25,13,True
C101419,41.878474,-87.62906,BURGLARY,2025-07-20,6,False
C101420,41.869992,-87.578634,ASSAULT,2025-04-01,3,True
C101421,41.931505,-87.590998,THEFT,2025-08-11,15,False
C101422,41.852416,-87.612622,NARCOTICS,2025-07-26,6,False
C101423,41.852489,-87.613658,ROBBERY,2025-11-24,4,False
C101424,41.848838,-87.612191,NARCOTICS,2025-02-24,9,False
C101425,41.878903,-87.653272,BURGLARY,2025-02-02,14,False
C101426,41.875776,-87.632264,THEFT,2025-09-21,14,False
C101427,41.85627,-87.650951,FRAUD,2025-11-08,10,False
C101428,41.853127,-87.650377,THEFT,2025-05-18,21,False
C101429,41.894586,-87.593852,ASSAULT,2025-05-08,13,False
C101430,41.875269,-87.635514,FRAUD,2025-08-24,17,True
C101431,41.850333,-87.610197,NARCOTICS,2025-05-29,19,False
C101432,41.854429,-87.645759,THEFT,2025-09-19,10,False
C101433,41.878712,-87.625313,ASSAULT,2025-11-15,6,False
C101434,41.83908,-87.658082,MOTOR VEHICLE THEFT,2025-10-18,20,False
C101435,41.856431,-87.611305,THEFT,2025-02-14,8,False
C101436,41.890253,-87.593733,ASSAULT,2025-08-05,11,False
C101437,41.876593,-87.636931,FRAUD,2025-02-22,12,True
C101438,41.856942,-87.650888,ROBBERY,2025-04-10,18,False
C101439,41.893646,-87.596781,ASSAULT,2025-09-06,8,False
C101440,41.889399,-87.661235,MOTOR VEHICLE THEFT,2025-08-12,6,False
C101441,41.878199,-87.632366,ASSAULT,2025-09-24,17,True
C101442,41.891682,-87.60106,THEFT,2025-08-23,20,True
C101443,41.880444,-87.656572,ASSAULT,2025-03-24,4,False
C101444,41.880339,-87.632509,ROBBERY,2025-08-01,24,False
C101445,41.855535,-87.653488,NARCOTICS,2025-09-11,22,False
C101446,41.894371,-87.594756,ROBBERY,2025-07-29,8,False
C101447,41.885525,-87.661222,BURGLARY,2025-05-11,23,False
C101448,41.889223,-87.602589,NARCOTICS,2025-10-22,1,False
C101449,41.896558,-87.600058,THEFT,2025-01-11,4,False
C101450,41.870414,-87.580108,VANDALISM,2025-09-30,24,False
C101451,41.887906,-87.666498,ASSAULT,2025-04-06,12,False
C101452,41.879216,-87.625928,MOTOR VEHICLE THEFT,2025-12-01,10,False
C101453,41.895504,-87.655643,BURGLARY,2025-02-28,9,False
C101454,41.892307,-87.599376,THEFT,2025-11-09,9,False
C101455,41.848158,-87.607904,ASSAULT,2025-06-14,9,False
C101456,41.885495,-87.665486,FRAUD,2025-02-23,5,False
C101457,41.855116,-87.649761,ASSAULT,2025-06-15,5,False
C101458,41.892478,-87.598138,BURGLARY,2025-05-19,11,False
C101459,41.887696,-87.667306,BURGLARY,2025-05-21,13,True
C101460,41.87641,-87.624128,ROBBERY,2025-06-11,21,False
C101461,41.852817,-87.651024,FRAUD,2025-11-28,20,False
C101462,41.880512,-87.636741,THEFT,2025-02-22,11,True
C101463,41.854553,-87.651781,VANDALISM,2025-05-21,6,False
C101464,41.885779,-87.653842,ROBBERY,2025-10-28,2,True
C101465,41.854165,-87.649197,BURGLARY,2025-03-11,19,False
C101466,41.854503,-87.650347,FRAUD,2025-08-15,4,False
C101467,41.855023,-87.648741,ROBBERY,2025-12-12,18,False
C101468,41.870967,-87.581153,BURGLARY,2025-06-02,17,False
C101469,41.851198,-87.6103,NARCOTICS,2025-08-22,16,True
C101470,41.851368,-87.611618,THEFT,2025-08-26,19,False
C101471,41.870553,-87.578712,VANDALISM,2025-12-14,22,False
C101472,41.868511,-87.578884,THEFT,2025-08-07,21,False
C101473,41.848744,-87.614208,ASSAULT,2025-06-14,15,True
C101474,41.872196,-87.579108,NARCOTICS,2025-08-20,1,False
C101475,41.885598,-87.668168,THEFT,2025-08-09,20,False
C101476,41.85701,-87.650138,MOTOR VEHICLE THEFT,2025-11-05,1,False
C101477,41.879096,-87.627665,ROBBERY,2025-04-30,23,False
C101478,41.888473,-87.661894,VANDALISM,2025-11-13,19,False
C101479,41.877313,-87.634206,VANDALISM,2025-12-18,21,False
C101480,41.878897,-87.633544,MOTOR VEHICLE THEFT,2025-02-07,24,False
C101481,41.87062,-87.580526,NARCOTICS,2025-04-11,14,False
C101482,41.85707,-87.65168,ASSAULT,2025-02-03,11,False
C101483,41.853391,-87.656993,MOTOR VEHICLE THEFT,2025-12-06,7,False
C101484,41.850678,-87.60908,ASSAULT,2025-01-09,16,False
C101485,41.84446,-87.665891,MOTOR VEHICLE THEFT,2025-05-05,15,True
C101486,41.871718,-87.57764,ASSAULT,2025-04-14,8,False
C101487,41.881827,-87.630236,ASSAULT,2025-10-08,18,False
C101488,41.909814,-87.558164,BURGLARY,2025-12-28,23,False
C101489,41.886637,-87.662692,BURGLARY,2025-08-25,18,False
C101490,41.892377,-87.665692,BURGLARY,2025-02-06,2,False
C101491,41.895124,-87.595439,NARCOTICS,2025-10-11,10,True
C101492,41.851013,-87.612568,NARCOTICS,2025-01-13,17,False
C101493,41.851544,-87.613023,NARCOTICS,2025-03-16,18,False
C101494,41.831147,-87.660533,NARCOTICS,2025-02-10,7,False
C101495,41.847031,-87.568735,BURGLARY,2025-12-31,8,False
C101496,41.893278,-87.595553,NARCOTICS,2025-01-17,18,False
C101497,41.883017,-87.663544,BURGLARY,2025-07-01,4,True
C101498,41.889893,-87.661233,BURGLARY,2025-03-20,20,False
C101499,41.891163,-87.657637,VANDALISM,2025-01-28,23,False
C101500,41.897706,-87.60074,ASSAULT,2025-04-20,17,False
C101501,41.844671,-87.617252,FRAUD,2025-09-07,23,False
C101502,41.877264,-87.637119,BURGLARY,2025-03-27,10,False
C101503,41.85377,-87.645625,ROBBERY,2025-01-29,11,False
C101504,41.851776,-87.596824,MOTOR VEHICLE THEFT,2025-07-18,6,False
C101505,41.846029,-87.624768,FRAUD,2025-08-25,14,False
C101506,41.895292,-87.597949,THEFT,2025-11-25,15,False
C101507,41.894363,-87.595992,VANDALISM,2025-09-19,1,False
C101508,41.849036,-87.608474,NARCOTICS,2025-02-02,10,True
C101509,41.871649,-87.580079,VANDALISM,2025-03-16,23,True
C101510,41.878015,-87.626065,NARCOTICS,2025-09-19,15,True
C101511,41.843641,-87.648151,ASSAULT,2025-02-12,9,False
C101512,41.869177,-87.577659,ASSAULT,2025-10-26,11,False
C101513,41.850453,-87.613391,NARCOTICS,2025-02-19,15,False
C101514,41.856023,-87.652267,BURGLARY,2025-07-10,2,False
C101515,41.867982,-87.579345,ROBBERY,2025-08-28,4,False
C101516,41.853543,-87.615309,NARCOTICS,2025-05-05,11,False
C101517,41.896393,-87.592057,ASSAULT,2025-09-30,4,False
C101518,41.872602,-87.631368,THEFT,2025-12-29,19,False
C101519,41.888961,-87.663203,BURGLARY,2025-12-02,15,False
C101520,41.871352,-87.576952,ROBBERY,2025-06-23,11,False
C101521,41.840086,-87.646074,BURGLARY,2025-04-29,17,False
C101522,41.856602,-87.648749,NARCOTICS,2025-02-25,24,False
C101523,41.857696,-87.652388,VANDALISM,2025-02-05,24,False
C101524,41.843452,-87.619392,MOTOR VEHICLE THEFT,2025-02-14,8,True
C101525,41.877523,-87.655252,MOTOR VEHICLE THEFT,2025-08-18,17,False
C101526,41.892494,-87.599622,ASSAULT,2025-10-13,12,True
C101527,41.883225,-87.662637,BURGLARY,2025-11-02,15,True
C101528,41.878,-87.626975,NARCOTICS,2025-11-26,16,True
C101529,41.847562,-87.605797,ASSAULT,2025-09-22,15,False
C101530,41.891576,-87.594854,ASSAULT,2025-08-03,8,False
C101531,41.881418,-87.630026,THEFT,2025-06-28,7,False
C101532,41.879333,-87.622815,FRAUD,2025-02-26,12,False
C101533,41.887014,-87.667455,THEFT,2025-04-09,9,True
C101534,41.89531,-87.599078,NARCOTICS,2025-02-26,5,False
C101535,41.916455,-87.584062,NARCOTICS,2025-09-24,16,True
C101536,41.832318,-87.655237,ROBBERY,2025-05-20,10,False
C101537,41.845084,-87.617986,NARCOTICS,2025-11-09,4,True
C101538,41.855159,-87.611496,NARCOTICS,2025-10-01,7,False
C101539,41.892599,-87.597373,NARCOTICS,2025-03-22,8,False
C101540,41.867894,-87.57874,THEFT,2025-06-11,2,True
C101541,41.887206,-87.665072,NARCOTICS,2025-09-17,5,False
C101542,41.881988,-87.580061,FRAUD,2025-01-11,14,False
C101543,41.856761,-87.611444,NARCOTICS,2025-10-09,1,False
C101544,41.869202,-87.580599,MOTOR VEHICLE THEFT,2025-07-11,13,False
C101545,41.882315,-87.662051,VANDALISM,2025-12-30,11,False
C101546,41.881519,-87.667336,THEFT,2025-11-07,7,False
C101547,41.858002,-87.648509,MOTOR VEHICLE THEFT,2025-05-18,9,True
C101548,41.897004,-87.600497,NARCOTICS,2025-01-02,22,False
C101549,41.870552,-87.583614,VANDALISM,2025-05-24,14,False
C101550,41.875518,-87.63008,VANDALISM,2025-08-09,24,False
C101551,41.879257,-87.624964,THEFT,2025-01-17,10,False
C101552,41.875411,-87.632403,ASSAULT,2025-01-19,9,False
C101553,41.857861,-87.668843,NARCOTICS,2025-02-28,2,False
C101554,41.887891,-87.658585,MOTOR VEHICLE THEFT,2025-06-18,24,False
C101555,41.854887,-87.652039,THEFT,2025-09-29,21,False
C101556,41.854269,-87.650119,THEFT,2025-01-08,24,False
C101557,41.854809,-87.611665,MOTOR VEHICLE THEFT,2025-04-10,1,False
C101558,41.8771,-87.634483,MOTOR VEHICLE THEFT,2025-12-19,22,False
C101559,41.886105,-87.656823,THEFT,2025-11-29,1,False
C101560,41.895621,-87.602204,MOTOR VEHICLE THEFT,2025-11-30,10,False
C101561,41.844828,-87.567676,MOTOR VEHICLE THEFT,2025-04-27,1,False
C101562,41.870647,-87.57419,VANDALISM,2025-09-08,17,True
C101563,41.873029,-87.578352,ASSAULT,2025-10-18,19,False
C101564,41.87016,-87.605713,ROBBERY,2025-08-01,7,False
C101565,41.892394,-87.59452,NARCOTICS,2025-05-12,9,False
C101566,41.850126,-87.600656,NARCOTICS,2025-03-15,24,False
C101567,41.876436,-87.628268,THEFT,2025-10-04,23,False
C101568,41.875769,-87.635389,ASSAULT,2025-11-04,5,False
C101569,41.831186,-87.656056,MOTOR VEHICLE THEFT,2025-06-10,8,False
C101570,41.883362,-87.667762,ROBBERY,2025-09-13,8,True
C101571,41.885323,-87.676428,BURGLARY,2025-03-19,10,False
C101572,41.857767,-87.650212,THEFT,2025-06-22,18,False
C101573,41.8529,-87.649434,NARCOTICS,2025-03-17,17,False
C101574,41.871883,-87.629744,ROBBERY,2025-03-16,19,False
C101575,41.880637,-87.66384,VANDALISM,2025-04-15,23,False
C101576,41.872592,-87.579536,BURGLARY,2025-08-07,13,False
C101577,41.850177,-87.601105,THEFT,2025-02-13,22,False
C101578,41.870826,-87.579742,VANDALISM,2025-03-21,24,False
C101579,41.896687,-87.598966,THEFT,2025-11-13,10,False
C101580,41.891644,-87.600515,NARCOTICS,2025-01-16,15,False
C101581,41.889671,-87.665602,VANDALISM,2025-12-03,17,False
C101582,41.849604,-87.603963,NARCOTICS,2025-01-02,19,False
C101583,41.843415,-87.632814,ASSAULT,2025-10-18,2,False
C101584,41.84956,-87.611612,NARCOTICS,2025-12-15,9,False
C101585,41.849817,-87.612156,NARCOTICS,2025-01-02,14,False
C101586,41.881674,-87.630003,THEFT,2025-04-01,2,True
C101587,41.852577,-87.594629,VANDALISM,2025-11-19,16,False
C101588,41.84422,-87.622482,THEFT,2025-02-22,23,True
C101589,41.893859,-87.597596,THEFT,2025-10-18,7,False
C101590,41.853224,-87.607076,FRAUD,2025-07-30,18,False
C101591,41.894646,-87.593764,NARCOTICS,2025-11-04,16,True
C101592,41.871726,-87.628942,VANDALISM,2025-05-22,7,False
C101593,41.861897,-87.627189,NARCOTICS,2025-08-19,8,False
C101594,41.878971,-87.634204,THEFT,2025-10-10,14,False
C101595,41.832577,-87.654714,ROBBERY,2025-03-17,19,False
C101596,41.884267,-87.654281,BURGLARY,2025-01-15,5,False
C101597,41.877432,-87.625753,FRAUD,2025-04-19,2,False
C101598,41.881014,-87.628123,MOTOR VEHICLE THEFT,2025-09-05,13,False
C101599,41.85171,-87.596571,THEFT,2025-05-23,13,True
C101600,41.851697,-87.594586,NARCOTICS,2025-12-10,1,True
C101601,41.893218,-87.665259,BURGLARY,2025-03-09,23,False
C101602,41.896929,-87.601417,ASSAULT,2025-09-25,14,True
C101603,41.86154,-87.647354,FRAUD,2025-01-11,16,False
C101604,41.876209,-87.634086,VANDALISM,2025-08-29,18,False
C101605,41.852477,-87.647509,THEFT,2025-12-14,23,False
C101606,41.894022,-87.56491,NARCOTICS,2025-01-11,24,True
C101607,41.874424,-87.627714,ASSAULT,2025-05-23,23,False
C101608,41.876841,-87.623554,THEFT,2025-10-25,5,False
C101609,41.856663,-87.654246,FRAUD,2025-08-11,19,False
C101610,41.853427,-87.612587,ASSAULT,2025-09-06,17,False
C101611,41.834801,-87.657203,FRAUD,2025-02-09,20,False
C101612,41.894139,-87.603043,THEFT,2025-09-15,18,False
C101613,41.892031,-87.596162,MOTOR VEHICLE THEFT,2025-11-09,18,False
C101614,41.871912,-87.579255,ROBBERY,2025-03-13,20,False
C101615,41.888702,-87.662099,BURGLARY,2025-10-02,13,False
C101616,41.834228,-87.646955,ROBBERY,2025-06-06,21,False
C101617,41.894005,-87.597679,THEFT,2025-01-15,19,False
C101618,41.856188,-87.609777,FRAUD,2025-01-23,13,False
C101619,41.888392,-87.663679,BURGLARY,2025-03-15,19,False
C101620,41.855674,-87.61022,NARCOTICS,2025-01-11,8,False
C101621,41.882496,-87.633882,THEFT,2025-09-29,21,False
C101622,41.856022,-87.614854,NARCOTICS,2025-12-31,4,False
C101623,41.851906,-87.609467,NARCOTICS,2025-01-21,1,False
C101624,41.897201,-87.599685,ASSAULT,2025-10-05,19,False
C101625,41.838821,-87.632401,ASSAULT,2025-01-09,1,False
C101626,41.850687,-87.607899,THEFT,2025-09-05,13,False
C101627,41.879634,-87.625181,MOTOR VEHICLE THEFT,2025-02-13,12,False
C101628,41.851698,-87.606761,NARCOTICS,2025-03-06,12,False
C101629,41.836894,-87.639931,FRAUD,2025-02-21,18,False
C101630,41.888195,-87.565794,NARCOTICS,2025-05-20,14,False
C101631,41.853708,-87.617598,ASSAULT,2025-10-10,11,False
C101632,41.892547,-87.596641,ROBBERY,2025-03-02,17,True
C101633,41.877901,-87.667934,MOTOR VEHICLE THEFT,2025-10-13,10,True
C101634,41.854468,-87.603647,MOTOR VEHICLE THEFT,2025-11-19,11,True
C101635,41.858092,-87.650155,THEFT,2025-07-28,1,True
C101636,41.884199,-87.658027,MOTOR VEHICLE THEFT,2025-03-15,13,False
C101637,41.852086,-87.594891,ROBBERY,2025-04-22,15,True
C101638,41.891408,-87.601693,BURGLARY,2025-05-12,7,True
C101639,41.898796,-87.598478,ASSAULT,2025-10-14,23,False
C101640,41.846801,-87.609921,MOTOR VEHICLE THEFT,2025-11-24,23,False
C101641,41.871469,-87.577052,ASSAULT,2025-08-20,15,False
C101642,41.876948,-87.634864,VANDALISM,2025-12-14,20,False
C101643,41.879951,-87.623032,VANDALISM,2025-01-23,6,False
C101644,41.850233,-87.609662,FRAUD,2025-10-24,9,True
C101645,41.847197,-87.608927,BURGLARY,2025-03-10,16,False
C101646,41.850131,-87.611603,ROBBERY,2025-05-03,3,True
C101647,41.878467,-87.630793,ROBBERY,2025-09-11,9,False
C101648,41.893752,-87.598214,ASSAULT,2025-01-18,7,False
C101649,41.83663,-87.641771,THEFT,2025-07-26,9,False
C101650,41.892574,-87.594479,THEFT,2025-12-31,15,False
C101651,41.87741,-87.626818,ROBBERY,2025-05-24,2,False
C101652,41.84931,-87.605456,FRAUD,2025-12-31,13,False
C101653,41.896569,-87.654682,ROBBERY,2025-07-13,18,True
C101654,41.838129,-87.63518,VANDALISM,2025-06-14,3,False
C101655,41.88911,-87.671371,NARCOTICS,2025-03-30,1,False
C101656,41.887869,-87.662344,MOTOR VEHICLE THEFT,2025-11-12,4,False
C101657,41.884022,-87.661506,NARCOTICS,2025-08-02,21,False
C101658,41.876732,-87.633312,NARCOTICS,2025-08-25,15,False
C101659,41.876677,-87.672145,THEFT,2025-02-20,1,False
C101660,41.884797,-87.663739,BURGLARY,2025-10-07,10,True
C101661,41.872374,-87.577017,VANDALISM,2025-12-27,19,False
C101662,41.891134,-87.657676,THEFT,2025-04-06,21,False
C101663,41.830297,-87.660108,NARCOTICS,2025-10-28,9,True
C101664,41.858634,-87.650847,THEFT,2025-06-13,14,False
C101665,41.85309,-87.609337,NARCOTICS,2025-07-01,9,False
C101666,41.884232,-87.665214,BURGLARY,2025-09-13,16,False
C101667,41.882063,-87.636101,ROBBERY,2025-12-23,12,False
C101668,41.850459,-87.61441,NARCOTICS,2025-09-27,20,False
C101669,41.870171,-87.581616,ASSAULT,2025-09-05,5,False
C101670,41.854202,-87.6533,FRAUD,2025-09-02,4,False
C101671,41.828282,-87.665369,MOTOR VEHICLE THEFT,2025-07-31,5,False
C101672,41.89175,-87.670793,BURGLARY,2025-08-05,9,False
C101673,41.855481,-87.649084,THEFT,2025-08-25,18,False
C101674,41.877956,-87.6586,VANDALISM,2025-01-13,9,False
C101675,41.885567,-87.659764,MOTOR VEHICLE THEFT,2025-09-14,22,False
C101676,41.853492,-87.648857,FRAUD,2025-02-05,7,False
C101677,41.891627,-87.597703,ASSAULT,2025-12-28,4,False
C101678,41.879268,-87.633918,THEFT,2025-10-15,6,False
C101679,41.886083,-87.654408,FRAUD,2025-10-14,7,False
C101680,41.880035,-87.664765,BURGLARY,2025-12-20,1,True
C101681,41.892078,-87.658551,MOTOR VEHICLE THEFT,2025-03-28,24,False
C101682,41.87941,-87.656312,MOTOR VEHICLE THEFT,2025-03-07,9,False
C101683,41.891069,-87.666408,NARCOTICS,2025-01-22,17,False
C101684,41.848173,-87.65246,FRAUD,2025-07-24,1,False
C101685,41.859105,-87.570044,BURGLARY,2025-12-02,23,False
C101686,41.88386,-87.660924,THEFT,2025-06-05,11,False
C101687,41.877428,-87.635245,ASSAULT,2025-09-27,10,False
C101688,41.875012,-87.624334,THEFT,2025-02-07,9,False
C101689,41.855314,-87.612006,NARCOTICS,2025-08-01,19,False
C101690,41.832551,-87.652178,FRAUD,2025-04-02,2,False
C101691,41.870847,-87.580731,FRAUD,2025-06-28,18,True
C101692,41.836316,-87.63917,ROBBERY,2025-08-14,20,False
C101693,41.894531,-87.595547,ASSAULT,2025-12-13,18,False
C101694,41.877605,-87.629852,ROBBERY,2025-09-15,10,False
C101695,41.879654,-87.627365,THEFT,2025-01-16,12,True
C101696,41.899545,-87.603656,ASSAULT,2025-06-29,8,False
C101697,41.836993,-87.637896,THEFT,2025-02-26,8,False
C101698,41.83532,-87.645819,FRAUD,2025-10-27,23,False
C101699,41.878491,-87.625219,ASSAULT,2025-04-26,9,False
C101700,41.837195,-87.637125,ROBBERY,2025-08-24,23,False
C101701,41.878978,-87.588768,VANDALISM,2025-12-31,4,False
C101702,41.874271,-87.624492,ASSAULT,2025-08-30,8,False
C101703,41.879215,-87.625407,VANDALISM,2025-09-11,2,False
C101704,41.837728,-87.58161,VANDALISM,2025-07-05,19,False
C101705,41.87914,-87.622618,NARCOTICS,2025-08-08,10,False
C101706,41.856599,-87.620897,ASSAULT,2025-12-16,8,False
C101707,41.893504,-87.596171,BURGLARY,2025-05-06,21,False
C101708,41.903504,-87.641267,ROBBERY,2025-01-04,14,True
C101709,41.857657,-87.646586,THEFT,2025-02-27,8,False
C101710,41.856133,-87.608115,NARCOTICS,2025-05-07,10,False
C101711,41.89123,-87.601249,NARCOTICS,2025-01-07,14,False
C101712,41.877583,-87.62993,THEFT,2025-09-06,14,False
C101713,41.85219,-87.610231,NARCOTICS,2025-02-21,20,False
C101714,41.849379,-87.614656,MOTOR VEHICLE THEFT,2025-10-24,10,True
C101715,41.839795,-87.631812,VANDALISM,2025-03-05,3,False
C101716,41.874292,-87.626697,NARCOTICS,2025-05-24,20,True
C101717,41.892857,-87.595976,NARCOTICS,2025-07-06,9,False
C101718,41.859172,-87.619509,ASSAULT,2025-11-07,23,False
C101719,41.852072,-87.60664,ASSAULT,2025-05-14,9,False
C101720,41.871839,-87.579222,VANDALISM,2025-10-31,16,False
C101721,41.872188,-87.579842,ASSAULT,2025-12-23,18,False
C101722,41.852807,-87.613921,NARCOTICS,2025-02-04,3,True
C101723,41.835779,-87.641109,VANDALISM,2025-12-03,22,False
C101724,41.91816,-87.679577,NARCOTICS,2025-03-11,24,False
C101725,41.870407,-87.577593,FRAUD,2025-07-22,1,False
C101726,41.894512,-87.599792,VANDALISM,2025-10-15,13,False
C101727,41.855313,-87.650679,VANDALISM,2025-03-02,14,False
C101728,41.875354,-87.649648,VANDALISM,2025-06-24,11,False
C101729,41.828616,-87.593783,THEFT,2025-04-26,1,False
C101730,41.874511,-87.671338,THEFT,2025-02-15,11,False
C101731,41.864352,-87.685067,ASSAULT,2025-01-10,8,True
C101732,41.895932,-87.598918,ASSAULT,2025-04-06,13,False
C101733,41.839111,-87.633437,VANDALISM,2025-08-30,10,False
C101734,41.849224,-87.603473,BURGLARY,2025-01-07,5,False
C101735,41.87054,-87.58006,ASSAULT,2025-05-21,7,False
C101736,41.866256,-87.58444,THEFT,2025-07-25,18,True
C101737,41.88299,-87.664095,NARCOTICS,2025-12-05,10,False
C101738,41.893732,-87.597315,BURGLARY,2025-05-22,19,False
C101739,41.854257,-87.649024,NARCOTICS,2025-04-26,9,False
C101740,41.878789,-87.633803,THEFT,2025-02-21,23,False
C101741,41.892067,-87.66411,NARCOTICS,2025-11-07,12,False
C101742,41.873254,-87.578849,FRAUD,2025-12-23,6,False
C101743,41.880251,-87.632653,THEFT,2025-05-24,7,False
C101744,41.895289,-87.592741,NARCOTICS,2025-10-14,3,False
C101745,41.858274,-87.636159,NARCOTICS,2025-08-27,10,True
C101746,41.849925,-87.609586,THEFT,2025-10-25,12,False
C101747,41.87609,-87.634347,THEFT,2025-05-10,6,False
C101748,41.880422,-87.669545,BURGLARY,2025-06-19,8,True
C101749,41.89067,-87.667697,THEFT,2025-10-23,11,True
C101750,41.854155,-87.606649,MOTOR VEHICLE THEFT,2025-01-07,10,False
C101751,41.851944,-87.595939,ASSAULT,2025-03-23,17,True
C101752,41.870649,-87.576471,VANDALISM,2025-02-18,7,True
C101753,41.869539,-87.582189,BURGLARY,2025-02-28,1,False
C101754,41.85405,-87.610153,MOTOR VEHICLE THEFT,2025-02-17,24,False
C101755,41.870935,-87.580591,THEFT,2025-01-19,24,False
C101756,41.869216,-87.577232,VANDALISM,2025-01-17,4,True
C101757,41.910518,-87.620242,ASSAULT,2025-05-20,4,False
C101758,41.900905,-87.68191,FRAUD,2025-08-17,2,False
C101759,41.880273,-87.675787,MOTOR VEHICLE THEFT,2025-09-25,20,False
C101760,41.89185,-87.65929,FRAUD,2025-10-13,9,True
C101761,41.838683,-87.633166,VANDALISM,2025-06-18,7,False
C101762,41.895245,-87.59628,NARCOTICS,2025-07-07,8,True
C101763,41.851814,-87.61137,NARCOTICS,2025-11-04,2,False
C101764,41.889078,-87.661769,VANDALISM,2025-04-30,16,False
C101765,41.884327,-87.660671,MOTOR VEHICLE THEFT,2025-08-03,19,False
C101766,41.852876,-87.615017,MOTOR VEHICLE THEFT,2025-06-12,18,False
C101767,41.874907,-87.633036,NARCOTICS,2025-07-14,14,False
C101768,41.871905,-87.57808,FRAUD,2025-01-29,13,False
C101769,41.86946,-87.580883,ROBBERY,2025-07-02,7,False
C101770,41.895292,-87.598852,THEFT,2025-09-26,17,True
C101771,41.866961,-87.693454,ASSAULT,2025-01-15,10,True
C101772,41.89016,-87.668565,BURGLARY,2025-02-10,13,False
C101773,41.846699,-87.611384,THEFT,2025-08-04,21,False
C101774,41.849481,-87.613082,THEFT,2025-12-13,21,False
C101775,41.894422,-87.599534,ASSAULT,2025-03-11,17,False
C101776,41.869203,-87.576634,ROBBERY,2025-01-14,18,False
C101777,41.884569,-87.621353,MOTOR VEHICLE THEFT,2025-01-31,7,False
C101778,41.882338,-87.666196,MOTOR VEHICLE THEFT,2025-03-23,9,False
C101779,41.875436,-87.636229,FRAUD,2025-02-07,6,False
C101780,41.878435,-87.660467,BURGLARY,2025-07-03,21,False
C101781,41.891641,-87.601949,VANDALISM,2025-03-02,14,False
C101782,41.85396,-87.652847,ROBBERY,2025-06-09,13,False
C101783,41.891835,-87.59211,VANDALISM,2025-08-15,3,False
C101784,41.831781,-87.607876,NARCOTICS,2025-02-01,3,False
C101785,41.85616,-87.655818,BURGLARY,2025-04-15,6,False
C101786,41.888352,-87.663248,THEFT,2025-01-14,7,False
C101787,41.871805,-87.63031,VANDALISM,2025-04-18,20,False
C101788,41.891275,-87.593691,NARCOTICS,2025-11-02,20,False
C101789,41.875753,-87.635086,FRAUD,2025-05-31,18,False
C101790,41.880458,-87.619087,ASSAULT,2025-05-14,23,False
C101791,41.915545,-87.578984,ASSAULT,2025-12-16,1,True
C101792,41.881547,-87.629795,NARCOTICS,2025-05-19,23,False
C101793,41.853435,-87.615098,MOTOR VEHICLE THEFT,2025-04-05,11,False
C101794,41.885914,-87.654388,VANDALISM,2025-08-29,7,False
C101795,41.888347,-87.660252,ASSAULT,2025-04-20,10,True
C101796,41.871467,-87.575729,THEFT,2025-10-21,5,False
C101797,41.89563,-87.59647,NARCOTICS,2025-04-02,18,False
C101798,41.884772,-87.670968,BURGLARY,2025-05-03,12,False
C101799,41.877979,-87.62416,THEFT,2025-04-25,11,False
C101800,41.829288,-87.664723,ROBBERY,2025-07-11,23,False
C101801,41.84842,-87.608621,NARCOTICS,2025-04-19,6,False
C101802,41.876558,-87.634537,FRAUD,2025-02-24,23,False
C101803,41.877637,-87.635471,MOTOR VEHICLE THEFT,2025-10-31,21,True
C101804,41.886111,-87.660832,MOTOR VEHICLE THEFT,2025-11-14,19,False
C101805,41.895944,-87.599134,NARCOTICS,2025-12-24,5,False
C101806,41.890897,-87.660778,BURGLARY,2025-11-01,21,False
C101807,41.878256,-87.6219,MOTOR VEHICLE THEFT,2025-05-24,16,False
C101808,41.855664,-87.650801,ROBBERY,2025-01-31,8,False
C101809,41.885859,-87.666107,ASSAULT,2025-11-13,7,False
C101810,41.837729,-87.637308,ROBBERY,2025-04-03,23,False
C101811,41.854098,-87.654336,ROBBERY,2025-02-08,15,False
C101812,41.881395,-87.624396,THEFT,2025-05-24,13,False
C101813,41.893374,-87.592835,ASSAULT,2025-06-25,5,True
C101814,41.882015,-87.657774,BURGLARY,2025-08-26,10,True
C101815,41.851639,-87.610601,FRAUD,2025-10-28,22,False
C101816,41.878953,-87.634136,THEFT,2025-01-30,2,False
C101817,41.838311,-87.640541,MOTOR VEHICLE THEFT,2025-02-02,9,False
C101818,41.890699,-87.598947,ASSAULT,2025-11-26,21,False
C101819,41.850445,-87.607915,VANDALISM,2025-12-31,17,False
C101820,41.86912,-87.578218,VANDALISM,2025-06-22,17,False
C101821,41.854261,-87.653375,MOTOR VEHICLE THEFT,2025-05-26,18,False
C101822,41.869404,-87.582342,VANDALISM,2025-09-12,9,False
C101823,41.875517,-87.626399,ASSAULT,2025-07-02,12,False
C101824,41.886254,-87.666035,BURGLARY,2025-07-02,19,False
C101825,41.855,-87.650094,VANDALISM,2025-12-12,13,False
C101826,41.834416,-87.647507,BURGLARY,2025-04-22,11,True
C101827,41.833398,-87.6006,ASSAULT,2025-12-02,3,False
C101828,41.883447,-87.661869,VANDALISM,2025-01-21,13,True
C101829,41.885375,-87.675315,FRAUD,2025-03-18,13,False
C101830,41.839622,-87.631679,VANDALISM,2025-12-30,22,False
C101831,41.838591,-87.632674,THEFT,2025-06-16,13,False
C101832,41.87904,-87.630547,THEFT,2025-02-10,21,True
C101833,41.850977,-87.610648,THEFT,2025-09-26,22,False
C101834,41.850989,-87.648933,ROBBERY,2025-02-19,1,True
C101835,41.857128,-87.611312,NARCOTICS,2025-06-17,9,False
C101836,41.855807,-87.650561,FRAUD,2025-01-12,24,False
C101837,41.840809,-87.627197,THEFT,2025-12-10,4,True
C101838,41.877039,-87.624426,ROBBERY,2025-03-11,21,False
C101839,41.875971,-87.621941,THEFT,2025-03-15,10,False
C101840,41.85264,-87.614815,NARCOTICS,2025-06-14,22,False
C101841,41.8521,-87.672228,THEFT,2025-12-23,19,False
C101842,41.853827,-87.651849,ROBBERY,2025-09-15,13,False
C101843,41.889865,-87.701435,BURGLARY,2025-08-15,1,False
C101844,41.883974,-87.632533,FRAUD,2025-07-07,20,False
C101845,41.877701,-87.62997,VANDALISM,2025-08-12,1,False
C101846,41.833694,-87.651312,MOTOR VEHICLE THEFT,2025-09-23,8,False
C101847,41.876992,-87.630272,ROBBERY,2025-09-07,24,False
C101848,41.889957,-87.669389,MOTOR VEHICLE THEFT,2025-08-28,11,False
C101849,41.885866,-87.658238,THEFT,2025-04-07,14,False
C101850,41.847108,-87.609657,VANDALISM,2025-05-31,7,False
C101851,41.89622,-87.599155,ASSAULT,2025-06-12,18,True
C101852,41.874305,-87.631607,MOTOR VEHICLE THEFT,2025-06-05,9,False
C101853,41.891083,-87.600557,ASSAULT,2025-03-21,12,True
C101854,41.881926,-87.630211,THEFT,2025-06-16,17,False
C101855,41.886723,-87.66879,THEFT,2025-10-22,5,False
C101856,41.878036,-87.627856,ASSAULT,2025-03-13,2,False
C101857,41.927374,-87.570305,BURGLARY,2025-05-01,17,False
C101858,41.911175,-87.649747,NARCOTICS,2025-02-19,14,False
C101859,41.878958,-87.672156,MOTOR VEHICLE THEFT,2025-02-22,6,False
C101860,41.852918,-87.650388,NARCOTICS,2025-10-30,18,False
C101861,41.852703,-87.611386,ASSAULT,2025-11-21,11,False
C101862,41.869756,-87.576765,MOTOR VEHICLE THEFT,2025-06-05,17,False
C101863,41.845838,-87.609573,NARCOTICS,2025-05-06,6,False
C101864,41.871042,-87.578238,ASSAULT,2025-05-18,3,True
C101865,41.88092,-87.629162,THEFT,2025-12-13,22,False
C101866,41.84787,-87.61517,NARCOTICS,2025-12-26,21,False
C101867,41.883288,-87.658631,MOTOR VEHICLE THEFT,2025-06-12,10,True
C101868,41.875424,-87.637797,THEFT,2025-07-25,14,False
C101869,41.886198,-87.661368,FRAUD,2025-08-26,17,True
C101870,41.82897,-87.663959,ASSAULT,2025-05-28,2,False
C101871,41.880137,-87.635436,BURGLARY,2025-10-14,5,True
C101872,41.886561,-87.655077,MOTOR VEHICLE THEFT,2025-02-06,5,True
C101873,41.871731,-87.576492,VANDALISM,2025-07-08,15,False
C101874,41.886751,-87.6582,MOTOR VEHICLE THEFT,2025-07-15,22,True
C101875,41.879934,-87.627627,ASSAULT,2025-12-11,8,True
C101876,41.876562,-87.629637,BURGLARY,2025-06-27,5,False
C101877,41.892804,-87.597852,ASSAULT,2025-10-23,3,False
C101878,41.908324,-87.609713,THEFT,2025-10-23,4,False
C101879,41.882822,-87.66162,NARCOTICS,2025-11-22,8,False
C101880,41.854292,-87.649577,FRAUD,2025-07-30,12,False
C101881,41.828102,-87.665826,MOTOR VEHICLE THEFT,2025-07-14,2,False
C101882,41.890494,-87.665832,BURGLARY,2025-08-12,7,True
C101883,41.877944,-87.637428,THEFT,2025-02-17,15,True
C101884,41.848572,-87.606698,FRAUD,2025-07-07,17,False
C101885,41.829138,-87.665405,NARCOTICS,2025-03-05,14,False
C101886,41.895705,-87.596591,ASSAULT,2025-12-22,10,False
C101887,41.883186,-87.628744,ROBBERY,2025-02-23,21,False
C101888,41.844211,-87.617342,MOTOR VEHICLE THEFT,2025-04-25,2,False
C101889,41.847325,-87.604358,ROBBERY,2025-07-14,1,True
C101890,41.870256,-87.582203,FRAUD,2025-08-18,15,False
C101891,41.882062,-87.630553,BURGLARY,2025-12-13,10,False
C101892,41.892937,-87.598197,ASSAULT,2025-02-18,4,False
C101893,41.880443,-87.666506,BURGLARY,2025-07-21,24,False
C101894,41.890576,-87.59791,VANDALISM,2025-10-21,12,False
C101895,41.895183,-87.599278,ASSAULT,2025-06-06,9,True
C101896,41.880965,-87.625599,THEFT,2025-07-14,9,False
C101897,41.856413,-87.655652,NARCOTICS,2025-02-11,2,False
C101898,41.884147,-87.662471,NARCOTICS,2025-04-21,20,False
C101899,41.880246,-87.632246,ROBBERY,2025-05-17,20,True
C101900,41.896104,-87.593549,BURGLARY,2025-10-23,1,False
C101901,41.886553,-87.627881,BURGLARY,2025-03-09,3,True
C101902,41.851819,-87.610528,MOTOR VEHICLE THEFT,2025-01-03,24,False
C101903,41.833813,-87.649333,FRAUD,2025-06-16,18,True
C101904,41.878107,-87.664364,NARCOTICS,2025-05-30,14,False
C101905,41.881848,-87.636969,THEFT,2025-06-17,13,False
C101906,41.854798,-87.650498,ROBBERY,2025-02-14,19,False
C101907,41.891921,-87.603725,VANDALISM,2025-12-08,22,False
C101908,41.836891,-87.637734,VANDALISM,2025-05-07,1,False
C101909,41.876777,-87.628566,NARCOTICS,2025-05-25,13,False
C101910,41.895774,-87.592093,ASSAULT,2025-05-11,22,False
C101911,41.8853,-87.658127,ASSAULT,2025-11-19,17,False
C101912,41.880093,-87.631124,VANDALISM,2025-12-07,9,False
C101913,41.847936,-87.606128,ASSAULT,2025-01-16,7,False
C101914,41.871005,-87.573195,VANDALISM,2025-01-11,10,False
C101915,41.872959,-87.578273,ROBBERY,2025-05-07,24,False
C101916,41.854677,-87.656572,ROBBERY,2025-09-24,13,False
C101917,41.886597,-87.657061,MOTOR VEHICLE THEFT,2025-09-21,6,False
C101918,41.854431,-87.61309,THEFT,2025-01-08,11,False
C101919,41.84906,-87.610396,NARCOTICS,2025-06-13,21,True
C101920,41.856694,-87.561425,ROBBERY,2025-12-08,23,False
C101921,41.876963,-87.62532,VANDALISM,2025-01-29,17,False
C101922,41.857437,-87.652166,FRAUD,2025-12-07,18,False
C101923,41.8886,-87.669743,ASSAULT,2025-05-11,12,False
C101924,41.868824,-87.577843,VANDALISM,2025-09-05,13,True
C101925,41.853308,-87.606403,BURGLARY,2025-07-22,9,False
C101926,41.853579,-87.608895,NARCOTICS,2025-02-05,4,False
C101927,41.871083,-87.582165,ASSAULT,2025-12-15,3,False
C101928,41.873225,-87.581914,BURGLARY,2025-04-13,7,False
C101929,41.877709,-87.635245,ASSAULT,2025-03-28,20,False
C101930,41.857636,-87.613877,BURGLARY,2025-01-28,8,False
C101931,41.875872,-87.628525,ASSAULT,2025-02-02,6,False
C101932,41.84563,-87.616308,ROBBERY,2025-12-08,9,False
C101933,41.855136,-87.655998,BURGLARY,2025-10-04,21,False
C101934,41.870876,-87.578464,VANDALISM,2025-09-16,4,False
C101935,41.871159,-87.5807,ASSAULT,2025-08-13,22,False
C101936,41.84701,-87.609441,ROBBERY,2025-03-05,13,False
C101937,41.8852,-87.665265,MOTOR VEHICLE THEFT,2025-05-08,6,False
C101938,41.830517,-87.657136,ASSAULT,2025-12-29,20,False
C101939,41.900289,-87.602619,NARCOTICS,2025-05-23,7,False
C101940,41.878753,-87.63594,ASSAULT,2025-04-07,17,True
C101941,41.848798,-87.613364,NARCOTICS,2025-04-30,18,True
C101942,41.863317,-87.656686,ASSAULT,2025-08-06,23,True
C101943,41.890866,-87.661366,VANDALISM,2025-08-31,19,False
C101944,41.843664,-87.621127,ASSAULT,2025-03-21,9,True
C101945,41.877852,-87.631724,BURGLARY,2025-11-12,2,False
C101946,41.882257,-87.661716,BURGLARY,2025-06-11,16,True
C101947,41.855521,-87.695949,ROBBERY,2025-04-20,20,False
C101948,41.878697,-87.557625,VANDALISM,2025-05-22,13,False
C101949,41.879745,-87.668239,NARCOTICS,2025-11-29,20,True
C101950,41.851386,-87.614131,NARCOTICS,2025-08-04,10,False
C101951,41.871949,-87.580264,ASSAULT,2025-06-02,15,False
C101952,41.87593,-87.627841,THEFT,2025-11-27,12,True
C101953,41.877472,-87.630016,THEFT,2025-06-29,22,False
C101954,41.87952,-87.635152,FRAUD,2025-01-17,23,True
C101955,41.882654,-87.621865,VANDALISM,2025-04-04,24,False
C101956,41.882108,-87.658498,FRAUD,2025-12-17,23,False
C101957,41.853378,-87.608112,ROBBERY,2025-02-01,5,False
C101958,41.884504,-87.675052,THEFT,2025-09-11,7,False
C101959,41.890783,-87.597894,THEFT,2025-03-15,23,False
C101960,41.873579,-87.628378,VANDALISM,2025-02-14,15,False
C101961,41.852503,-87.64898,FRAUD,2025-04-02,21,False
C101962,41.913884,-87.585091,ROBBERY,2025-05-11,10,False
C101963,41.887641,-87.663759,MOTOR VEHICLE THEFT,2025-06-09,15,False
C101964,41.883622,-87.625104,NARCOTICS,2025-11-11,3,False
C101965,41.891572,-87.602698,THEFT,2025-06-30,3,False
C101966,41.850604,-87.604494,MOTOR VEHICLE THEFT,2025-06-20,3,False
C101967,41.893286,-87.602046,ROBBERY,2025-11-05,24,False
C101968,41.851947,-87.655638,THEFT,2025-10-02,10,True
C101969,41.87839,-87.632077,ROBBERY,2025-05-12,18,False
C101970,41.875559,-87.632117,FRAUD,2025-03-17,17,False
C101971,41.856178,-87.651657,ROBBERY,2025-10-07,9,False
C101972,41.855357,-87.615727,ASSAULT,2025-08-16,17,True
C101973,41.853503,-87.606687,NARCOTICS,2025-04-03,8,False
C101974,41.853544,-87.61237,MOTOR VEHICLE THEFT,2025-10-19,4,False
C101975,41.879528,-87.663302,THEFT,2025-06-24,23,True
C101976,41.883185,-87.666876,VANDALISM,2025-11-03,17,False
C101977,41.856057,-87.654443,THEFT,2025-01-28,6,False
C101978,41.873761,-87.633111,THEFT,2025-04-25,2,True
C101979,41.92549,-87.574075,BURGLARY,2025-11-22,20,False
C101980,41.907048,-87.599677,ASSAULT,2025-08-05,16,False
C101981,41.874392,-87.633664,ASSAULT,2025-05-09,11,False
C101982,41.898103,-87.606944,ASSAULT,2025-05-02,24,False
C101983,41.851942,-87.609796,NARCOTICS,2025-08-22,17,False
C101984,41.896598,-87.596465,THEFT,2025-12-03,14,False
C101985,41.847447,-87.61269,ASSAULT,2025-07-25,20,False
C101986,41.880716,-87.631442,THEFT,2025-04-12,16,False
C101987,41.90134,-87.595374,ASSAULT,2025-06-28,3,False
C101988,41.838884,-87.633422,ASSAULT,2025-11-20,12,False
C101989,41.87606,-87.630475,THEFT,2025-03-29,7,False
C101990,41.888425,-87.669027,THEFT,2025-11-28,22,True
C101991,41.893123,-87.602479,ASSAULT,2025-10-28,3,False
C101992,41.882716,-87.665794,MOTOR VEHICLE THEFT,2025-04-20,22,False
C101993,41.892965,-87.667768,MOTOR VEHICLE THEFT,2025-06-22,10,False
C101994,41.834068,-87.661622,THEFT,2025-07-12,17,False
C101995,41.845487,-87.616803,MOTOR VEHICLE THEFT,2025-02-18,4,False
C101996,41.909688,-87.589271,FRAUD,2025-09-10,5,False
C101997,41.850745,-87.616795,MOTOR VEHICLE THEFT,2025-02-06,22,False
C101998,41.832333,-87.652271,NARCOTICS,2025-12-27,13,True
C101999,41.852094,-87.597611,ROBBERY,2025-07-03,19,False
C102000,41.88874,-87.668856,THEFT,2025-05-21,23,False
C102001,41.846364,-87.610743,FRAUD,2025-07-26,14,True
C102002,41.893505,-87.594815,VANDALISM,2025-01-31,14,False
C102003,41.837029,-87.642023,NARCOTICS,2025-04-11,5,True
C102004,41.853949,-87.654499,NARCOTICS,2025-06-19,21,False
C102005,41.917936,-87.701462,FRAUD,2025-03-27,6,False
C102006,41.887472,-87.66122,FRAUD,2025-05-29,23,False
C102007,41.852284,-87.595355,MOTOR VEHICLE THEFT,2025-10-31,15,True
C102008,41.840371,-87.6315,THEFT,2025-02-16,14,False
C102009,41.883309,-87.669358,VANDALISM,2025-09-07,22,False
C102010,41.874522,-87.649167,MOTOR VEHICLE THEFT,2025-01-15,21,False
C102011,41.852019,-87.594272,NARCOTICS,2025-02-22,23,False
C102012,41.854143,-87.61511,NARCOTICS,2025-05-06,13,True
C102013,41.853916,-87.647676,ROBBERY,2025-10-22,23,False
C102014,41.892777,-87.663804,MOTOR VEHICLE THEFT,2025-09-30,13,True
C102015,41.882487,-87.637173,FRAUD,2025-01-21,8,False
C102016,41.848937,-87.604854,BURGLARY,2025-11-01,18,False
C102017,41.87257,-87.582061,VANDALISM,2025-11-04,17,False
C102018,41.884913,-87.660373,MOTOR VEHICLE THEFT,2025-08-24,3,False
C102019,51.5072,-0.1276,THEFT,2025-11-02,13,False
C102020,41.87352,-87.634251,MOTOR VEHICLE THEFT,2025-08-06,7,False
C102021,41.892418,-87.60456,VANDALISM,2025-02-15,14,False
C102022,41.882755,-87.659601,VANDALISM,2025-09-27,6,False
C102023,41.849936,-87.603199,FRAUD,2025-12-28,17,False
C102024,41.831724,-87.656228,VANDALISM,2025-04-24,13,False
C102025,41.897082,-87.601568,NARCOTICS,2025-11-25,8,False
C102026,41.854364,-87.651779,ROBBERY,2025-06-17,20,False
C102027,41.884476,-87.665369,ROBBERY,2025-03-07,7,False
C102028,41.881788,-87.629108,THEFT,2025-08-02,5,False
C102029,41.833275,-87.653677,ROBBERY,2025-08-27,10,False
C102030,41.848234,-87.607985,VANDALISM,2025-11-10,24,True
C102031,41.876972,-87.629823,ASSAULT,2025-06-19,6,False
C102032,41.84038,-87.628514,ASSAULT,2025-11-28,19,False
C102033,41.854772,-87.650937,ROBBERY,2025-02-22,21,False
C102034,41.893872,-87.595938,THEFT,2025-09-13,2,False
C102035,41.876007,-87.629247,THEFT,2025-03-17,9,False
C102036,41.843237,-87.577939,NARCOTICS,2025-09-02,15,False
C102037,41.854947,-87.648197,BURGLARY,2025-03-17,1,True
C102038,41.849914,-87.60053,THEFT,2025-09-29,13,False
C102039,41.894164,-87.601643,ASSAULT,2025-09-03,16,False
C102040,41.861606,-87.614608,VANDALISM,2025-06-16,14,False
C102041,41.886547,-87.66391,BURGLARY,2025-07-28,24,False
C102042,41.868015,-87.584194,ROBBERY,2025-12-07,5,False
C102043,41.87157,-87.623712,THEFT,2025-12-21,14,True
C102044,41.88524,-87.674547,BURGLARY,2025-08-17,17,False
C102045,41.873662,-87.582197,VANDALISM,2025-04-22,7,True
C102046,41.846161,-87.569175,ASSAULT,2025-04-23,10,False
C102047,41.885917,-87.626254,THEFT,2025-06-25,22,False
C102048,41.871467,-87.573771,VANDALISM,2025-08-12,24,True
C102049,41.881358,-87.631758,THEFT,2025-05-16,16,True
C102050,41.877114,-87.624876,BURGLARY,2025-06-20,18,True
C102051,41.878194,-87.63066,VANDALISM,2025-05-20,15,False
C102052,41.873392,-87.624862,ROBBERY,2025-03-02,4,False
C102053,41.880583,-87.629337,ROBBERY,2025-08-02,12,False
C102054,41.847753,-87.598123,FRAUD,2025-08-23,12,False
C102055,41.856536,-87.650015,ROBBERY,2025-10-14,19,False
C102056,41.871705,-87.583572,VANDALISM,2025-10-09,5,False
C102057,41.850816,-87.595761,FRAUD,2025-09-07,17,False
C102058,41.877038,-87.632871,ROBBERY,2025-02-21,24,True
C102059,41.880642,-87.631262,ROBBERY,2025-02-12,14,False
C102060,41.887115,-87.670237,BURGLARY,2025-04-02,24,False
C102061,41.88858,-87.66695,BURGLARY,2025-04-11,9,False
C102062,41.889906,-87.663357,BURGLARY,2025-04-03,9,False
C102063,41.886511,-87.662878,BURGLARY,2025-08-17,19,True
C102064,41.886888,-87.668949,MOTOR VEHICLE THEFT,2025-03-30,22,False
C102065,41.89158,-87.597969,ROBBERY,2025-10-06,22,False
C102066,41.84954,-87.60736,ASSAULT,2025-08-06,16,False
C102067,41.841355,-87.627339,ROBBERY,2025-11-13,3,False
C102068,41.856318,-87.65258,ROBBERY,2025-05-30,24,False
C102069,41.870858,-87.58171,ASSAULT,2025-05-12,1,False
C102070,41.857304,-87.656302,MOTOR VEHICLE THEFT,2025-11-30,9,True
C102071,41.883011,-87.658982,ASSAULT,2025-06-17,3,True
C102072,41.879133,-87.630004,FRAUD,2025-11-13,14,False
C102073,41.889156,-87.591156,VANDALISM,2025-01-18,21,True
C102074,41.845048,-87.602392,BURGLARY,2025-11-11,15,False
C102075,41.853524,-87.610826,ASSAULT,2025-07-09,15,True
C102076,41.886948,-87.662963,FRAUD,2025-09-28,19,True
C102077,41.84708,-87.59065,ASSAULT,2025-04-22,10,False
C102078,41.868475,-87.580131,ROBBERY,2025-03-09,15,False
C102079,41.855006,-87.653571,ROBBERY,2025-07-12,24,False
C102080,41.879389,-87.632634,VANDALISM,2025-02-08,7,False
C102081,41.888619,-87.626171,ROBBERY,2025-08-08,23,True
C102082,41.873183,-87.577536,ASSAULT,2025-11-11,11,False
C102083,41.873598,-87.637021,MOTOR VEHICLE THEFT,2025-03-04,11,False
C102084,41.909576,-87.638254,ROBBERY,2025-08-10,23,False
C102085,41.866164,-87.684034,MOTOR VEHICLE THEFT,2025-01-28,9,False
C102086,41.88387,-87.666179,THEFT,2025-05-23,14,False
C102087,41.878479,-87.635922,MOTOR VEHICLE THEFT,2025-09-18,13,True
C102088,41.887595,-87.663307,ASSAULT,2025-06-21,21,True
C102089,41.852724,-87.616407,ASSAULT,2025-09-21,15,False
C102090,41.876107,-87.62692,THEFT,2025-12-26,16,False
C102091,41.893312,-87.596863,NARCOTICS,2025-12-27,21,False
C102092,41.876415,-87.629335,ROBBERY,2025-04-27,24,False
C102093,41.87462,-87.630009,FRAUD,2025-07-03,22,False
C102094,41.873739,-87.630059,ASSAULT,2025-11-21,4,False
C102095,41.836322,-87.687408,ROBBERY,2025-01-25,7,False
C102096,41.875716,-87.632075,FRAUD,2025-07-16,22,False
C102097,41.829446,-87.661556,ROBBERY,2025-01-29,21,False
C102098,41.840417,-87.630536,FRAUD,2025-01-22,15,False
C102099,41.851715,-87.609077,ROBBERY,2025-12-21,2,False
C102100,41.896368,-87.596266,THEFT,2025-11-28,24,False
C102101,41.892367,-87.598122,NARCOTICS,2025-09-26,5,True
C102102,41.853575,-87.65795,ASSAULT,2025-07-21,1,False
C102103,41.924557,-87.604601,ROBBERY,2025-03-02,11,False
C102104,41.86998,-87.585311,MOTOR VEHICLE THEFT,2025-05-02,18,False
C102105,41.896574,-87.6016,NARCOTICS,2025-06-04,2,False
C102106,41.892803,-87.663192,MOTOR VEHICLE THEFT,2025-05-11,13,False
C102107,41.881873,-87.671473,VANDALISM,2025-03-13,9,False
C102108,41.877755,-87.628376,THEFT,2025-11-03,9,False
C102109,41.834365,-87.693432,VANDALISM,2025-10-11,1,True
C102110,41.875822,-87.634935,THEFT,2025-11-27,9,True
C102111,41.847234,-87.620108,VANDALISM,2025-09-25,20,True
C102112,41.882641,-87.626712,NARCOTICS,2025-10-12,21,False
C102113,41.875354,-87.628912,MOTOR VEHICLE THEFT,2025-12-05,17,False
C102114,41.883692,-87.633859,THEFT,2025-11-06,2,False
C102115,41.844657,-87.61524,ASSAULT,2025-08-28,7,False
C102116,41.897637,-87.599114,ASSAULT,2025-10-02,5,True
C102117,41.896643,-87.594549,THEFT,2025-05-28,13,False
C102118,41.854632,-87.651611,FRAUD,2025-04-15,20,False
C102119,41.90859,-87.593127,FRAUD,2025-11-29,10,False
C102120,41.849075,-87.613176,ASSAULT,2025-12-11,17,False
C102121,41.843662,-87.619543,BURGLARY,2025-05-20,20,True
C102122,41.853554,-87.614046,VANDALISM,2025-01-28,6,False
C102123,41.886659,-87.659696,BURGLARY,2025-09-26,8,False
C102124,41.880882,-87.637819,FRAUD,2025-02-04,3,False
C102125,41.853692,-87.650858,ROBBERY,2025-03-22,6,False
C102126,41.890621,-87.644086,MOTOR VEHICLE THEFT,2025-01-23,16,False
C102127,41.854489,-87.610262,NARCOTICS,2025-04-12,19,False
C102128,41.896615,-87.600871,VANDALISM,2025-05-30,10,True
C102129,41.881302,-87.667939,MOTOR VEHICLE THEFT,2025-08-09,19,False
C102130,41.893608,-87.664798,VANDALISM,2025-09-08,20,False
C102131,41.898738,-87.594051,ROBBERY,2025-04-18,17,False
C102132,41.882315,-87.627972,VANDALISM,2025-06-07,1,False
C102133,41.879126,-87.629613,THEFT,2025-11-10,2,False
C102134,41.845526,-87.685026,THEFT,2025-09-24,16,True
C102135,41.876174,-87.631005,THEFT,2025-07-08,1,False
C102136,41.891615,-87.658976,MOTOR VEHICLE THEFT,2025-08-17,17,False
C102137,41.851444,-87.614973,NARCOTICS,2025-12-05,23,False
C102138,41.856478,-87.646066,THEFT,2025-03-24,5,False
C102139,41.876378,-87.631043,VANDALISM,2025-08-08,24,False
C102140,41.870556,-87.579751,VANDALISM,2025-08-28,2,True
C102141,41.890578,-87.660696,VANDALISM,2025-07-30,5,False
C102142,41.857107,-87.655236,FRAUD,2025-12-28,14,False
C102143,41.834439,-87.647635,VANDALISM,2025-07-04,12,False
C102144,41.882177,-87.627576,MOTOR VEHICLE THEFT,2025-07-09,11,True
C102145,41.883446,-87.626111,THEFT,2025-03-12,12,False
C102146,41.877178,-87.626511,VANDALISM,2025-02-16,10,False
C102147,41.885372,-87.632039,FRAUD,2025-05-08,7,False
C102148,41.868961,-87.580967,ASSAULT,2025-07-02,8,True
C102149,41.890409,-87.661702,ASSAULT,2025-11-24,2,False
C102150,41.873338,-87.580952,MOTOR VEHICLE THEFT,2025-12-08,23,False
C102151,41.881254,-87.631808,ASSAULT,2025-09-05,7,True
C102152,41.880194,-87.627333,THEFT,2025-04-22,22,False
C102153,41.91192,-87.57918,FRAUD,2025-10-09,24,False
C102154,41.895855,-87.593647,ASSAULT,2025-04-09,24,True
C102155,41.832592,-87.652941,THEFT,2025-06-01,11,False
C102156,41.871785,-87.577124,BURGLARY,2025-07-16,4,True
C102157,41.881839,-87.628743,THEFT,2025-03-15,5,False
C102158,41.878768,-87.629322,BURGLARY,2025-11-05,2,False
C102159,41.867993,-87.576603,ASSAULT,2025-10-18,2,True
C102160,41.850121,-87.608368,FRAUD,2025-10-16,23,False
C102161,41.85665,-87.652435,ROBBERY,2025-06-02,16,True
C102162,41.855162,-87.648533,NARCOTICS,2025-10-01,15,True
C102163,41.85357,-87.607544,NARCOTICS,2025-10-12,21,False
C102164,41.879469,-87.630451,ROBBERY,2025-08-25,7,False
C102165,41.892426,-87.59633,ASSAULT,2025-01-25,7,False
C102166,41.844572,-87.617252,VANDALISM,2025-01-30,9,False
C102167,41.847276,-87.61512,NARCOTICS,2025-05-09,19,True
C102168,41.870742,-87.573683,FRAUD,2025-01-27,16,False
C102169,41.874336,-87.636378,FRAUD,2025-08-26,1,False
C102170,41.854258,-87.653456,VANDALISM,2025-08-11,16,False
C102171,41.881105,-87.626171,MOTOR VEHICLE THEFT,2025-12-06,4,True
C102172,41.877471,-87.630813,THEFT,2025-07-27,24,False
C102173,41.854056,-87.609267,NARCOTICS,2025-03-15,16,True
C102174,41.896521,-87.593023,THEFT,2025-03-09,24,True
C102175,41.894806,-87.601125,THEFT,2025-12-25,3,False
C102176,41.890509,-87.663281,BURGLARY,2025-03-19,8,False
C102177,41.853358,-87.647844,THEFT,2025-09-04,12,False
C102178,41.871325,-87.575782,VANDALISM,2025-08-02,1,False
C102179,41.894172,-87.597566,THEFT,2025-03-14,12,False
C102180,41.870511,-87.582066,ASSAULT,2025-06-27,9,False
C102181,41.871736,-87.581547,BURGLARY,2025-01-06,1,True
C102182,41.853579,-87.615711,ASSAULT,2025-09-26,20,False
C102183,41.8571,-87.653043,ASSAULT,2025-12-05,20,False
C102184,41.875302,-87.633215,THEFT,2025-10-05,20,False
C102185,41.850108,-87.614443,BURGLARY,2025-09-04,18,False
C102186,41.880747,-87.661515,BURGLARY,2025-08-26,14,True
C102187,41.868622,-87.577863,ROBBERY,2025-09-21,19,False
C102188,41.893216,-87.597204,ASSAULT,2025-01-11,10,False
C102189,41.881441,-87.631107,THEFT,2025-05-31,16,False
C102190,41.89564,-87.597024,ROBBERY,2025-10-08,18,False
C102191,41.876996,-87.63242,ROBBERY,2025-02-02,7,False
C102192,41.88,1000000000.0,NARCOTICS,2025-06-08,4,False
C102193,41.853555,-87.60859,NARCOTICS,2025-06-24,17,False
C102194,41.893485,-87.599529,THEFT,2025-10-05,22,False
C102195,41.843497,-87.619853,MOTOR VEHICLE THEFT,2025-08-23,14,False
C102196,41.884279,-87.652961,BURGLARY,2025-06-23,24,False
C102197,41.900506,-87.561639,ASSAULT,2025-04-12,15,False
C102198,41.872433,-87.630857,ROBBERY,2025-04-21,17,False
C102199,41.838801,-87.635529,THEFT,2025-12-17,19,False
C102200,41.835018,-87.641407,VANDALISM,2025-10-28,9,False
C102201,41.854959,-87.652386,MOTOR VEHICLE THEFT,2025-10-10,7,False
C102202,41.857732,-87.652377,THEFT,2025-02-10,10,True
C102203,41.879547,-87.621248,ROBBERY,2025-01-07,22,False
C102204,41.875415,-87.630958,VANDALISM,2025-04-22,7,False
C102205,41.826447,-87.678123,THEFT,2025-04-18,12,True
C102206,41.839474,-87.63081,BURGLARY,2025-10-29,17,True
C102207,41.856328,-87.615157,FRAUD,2025-11-25,8,True
C102208,41.878701,-87.668373,BURGLARY,2025-03-19,17,False
C102209,41.896698,-87.59515,ROBBERY,2025-09-30,13,False
C102210,41.883431,-87.668539,VANDALISM,2025-07-04,14,True
C102211,41.884668,-87.65939,BURGLARY,2025-10-20,24,False
C102212,41.892258,-87.600881,ASSAULT,2025-05-02,3,True
C102213,41.880871,-87.630608,THEFT,2025-03-10,17,False
C102214,41.891517,-87.596747,THEFT,2025-01-25,23,True
C102215,41.842828,-87.600302,FRAUD,2025-11-18,3,True
C102216,41.845144,-87.614067,MOTOR VEHICLE THEFT,2025-10-09,5,False
C102217,41.883935,-87.630082,THEFT,2025-08-29,7,False
C102218,41.851036,-87.609394,BURGLARY,2025-09-19,23,False
C102219,41.870098,-87.579782,THEFT,2025-05-28,17,False
C102220,41.851873,-87.610686,MOTOR VEHICLE THEFT,2025-12-05,9,False
C102221,41.843575,-87.618257,NARCOTICS,2025-09-07,23,False
C102222,41.851021,-87.60975,MOTOR VEHICLE THEFT,2025-10-11,11,False
C102223,41.869971,-87.582295,VANDALISM,2025-03-31,13,False
C102224,41.883417,-87.665547,ASSAULT,2025-03-04,22,False
C102225,41.89164,-87.593397,MOTOR VEHICLE THEFT,2025-11-24,13,True
C102226,41.851347,-87.6127,ROBBERY,2025-12-08,16,False
C102227,41.907197,-87.570853,THEFT,2025-01-29,1,False
C102228,41.885305,-87.664994,BURGLARY,2025-02-10,3,False
C102229,41.857024,-87.612162,ROBBERY,2025-04-08,4,True
C102230,41.895136,-87.599175,ASSAULT,2025-11-04,12,False
C102231,41.838596,-87.634943,ROBBERY,2025-09-20,20,False
C102232,41.865715,-87.60522,ASSAULT,2025-04-17,3,False
C102233,41.89586,-87.601896,NARCOTICS,2025-06-02,6,False
C102234,41.869542,-87.580486,BURGLARY,2025-11-09,11,False
C102235,41.903532,-87.599822,VANDALISM,2025-11-19,13,False
C102236,41.846199,-87.613935,VANDALISM,2025-05-02,23,False
C102237,41.892308,-87.658425,ROBBERY,2025-10-29,17,False
C102238,41.880192,-87.640428,THEFT,2025-12-07,2,False
C102239,41.839774,-87.576208,MOTOR VEHICLE THEFT,2025-09-06,15,False
C102240,41.889431,-87.600853,BURGLARY,2025-05-03,16,False
C102241,41.867038,-87.581968,BURGLARY,2025-05-12,19,True
C102242,41.891937,-87.594869,MOTOR VEHICLE THEFT,2025-08-21,10,False
C102243,41.85822,-87.618481,ASSAULT,2025-06-10,16,False
C102244,41.851892,-87.617085,NARCOTICS,2025-06-22,7,False
C102245,41.894548,-87.595668,NARCOTICS,2025-05-01,8,True
C102246,41.830616,-87.659208,BURGLARY,2025-09-24,23,False
C102247,41.893547,-87.597025,ROBBERY,2025-04-24,15,False
C102248,41.852817,-87.655919,VANDALISM,2025-03-10,19,False
C102249,41.89197,-87.598046,VANDALISM,2025-01-05,17,False
C102250,41.895749,-87.601434,ASSAULT,2025-07-04,14,False
C102251,41.836366,-87.641905,FRAUD,2025-04-05,2,False
C102252,41.847831,-87.60815,ROBBERY,2025-11-27,12,False
C102253,41.857436,-87.653432,THEFT,2025-09-11,24,True
C102254,41.878007,-87.629706,ROBBERY,2025-06-21,5,True
C102255,41.845234,-87.614616,NARCOTICS,2025-07-17,15,False
C102256,41.899182,-87.604181,ASSAULT,2025-12-17,5,False
C102257,41.878897,-87.624492,NARCOTICS,2025-05-01,24,False
C102258,41.870612,-87.575359,VANDALISM,2025-09-25,24,False
C102259,41.915151,-87.609948,MOTOR VEHICLE THEFT,2025-04-29,21,False
C102260,41.899274,-87.636591,ASSAULT,2025-07-05,1,True
C102261,41.894308,-87.595594,ROBBERY,2025-03-07,1,False
C102262,41.870125,-87.585128,VANDALISM,2025-12-30,18,False
C102263,41.841523,-87.623339,NARCOTICS,2025-01-29,2,False
C102264,41.848332,-87.612112,NARCOTICS,2025-04-27,24,False
C102265,41.894548,-87.602611,MOTOR VEHICLE THEFT,2025-02-26,21,False
C102266,41.871876,-87.578464,THEFT,2025-12-11,3,False
C102267,41.885512,-87.665752,BURGLARY,2025-08-16,6,False
C102268,41.852561,-87.61228,NARCOTICS,2025-06-15,5,False
C102269,41.881987,-87.635621,THEFT,2025-12-06,22,False
C102270,41.899694,-87.603162,ASSAULT,2025-11-06,3,False
C102271,41.887432,-87.663033,BURGLARY,2025-09-08,24,False
C102272,41.830577,-87.65958,BURGLARY,2025-06-24,19,False
C102273,41.878265,-87.633927,THEFT,2025-05-06,19,False
C102274,41.841562,-87.625283,VANDALISM,2025-05-21,2,False
C102275,41.848338,-87.60679,ROBBERY,2025-07-25,15,False
C102276,41.849804,-87.602454,VANDALISM,2025-09-04,6,False
C102277,41.853755,-87.649756,FRAUD,2025-02-18,11,False
C102278,41.848632,-87.611622,NARCOTICS,2025-03-02,22,True
C102279,41.839294,-87.631032,FRAUD,2025-01-31,22,True
C102280,41.896801,-87.602457,ASSAULT,2025-08-19,12,False
C102281,41.888192,-87.661727,MOTOR VEHICLE THEFT,2025-01-23,16,False
C102282,41.851715,-87.596563,BURGLARY,2025-07-21,15,False
C102283,41.883687,-87.628547,THEFT,2025-07-26,3,False
C102284,41.866102,-87.584882,ROBBERY,2025-07-12,12,False
C102285,41.880999,-87.655415,FRAUD,2025-08-02,18,False
C102286,41.892655,-87.599569,ASSAULT,2025-07-01,11,False
C102287,41.855431,-87.654711,FRAUD,2025-02-26,8,False
C102288,41.855942,-87.611292,NARCOTICS,2025-09-22,17,False
C102289,41.87506,-87.631028,NARCOTICS,2025-12-10,4,False
C102290,41.866142,-87.632852,ASSAULT,2025-06-26,15,True
C102291,41.887368,-87.65922,ASSAULT,2025-02-21,9,False
C102292,41.82876,-87.629827,MOTOR VEHICLE THEFT,2025-09-01,17,False
C102293,41.883573,-87.635288,THEFT,2025-07-06,21,False
C102294,41.848864,-87.612658,NARCOTICS,2025-09-01,9,False
C102295,41.836072,-87.640525,ASSAULT,2025-08-25,18,True
C102296,41.873351,-87.634504,THEFT,2025-03-18,13,False
C102297,41.894616,-87.605582,ROBBERY,2025-01-12,10,False
C102298,41.887739,-87.658081,NARCOTICS,2025-04-26,18,False
C102299,41.869793,-87.581841,ASSAULT,2025-04-09,20,True
C102300,41.882009,-87.665701,NARCOTICS,2025-09-15,24,False
C102301,41.855631,-87.652568,FRAUD,2025-07-14,14,False
C102302,41.883505,-87.657986,MOTOR VEHICLE THEFT,2025-11-29,3,True
C102303,41.892724,-87.597011,ASSAULT,2025-09-05,9,False
C102304,41.895951,-87.596482,NARCOTICS,2025-03-30,8,True
C102305,41.872625,-87.627468,THEFT,2025-09-06,3,False
C102306,41.871,-87.582928,BURGLARY,2025-03-13,3,False
C102307,41.878395,-87.604367,BURGLARY,2025-08-30,17,False
C102308,41.851391,-87.583527,THEFT,2025-08-30,22,False
C102309,41.87469,-87.628933,ROBBERY,2025-01-27,6,False
C102310,inf,-87.6,VANDALISM,2025-06-11,22,False
C102311,41.871374,-87.626072,FRAUD,2025-01-21,13,False
C102312,41.847118,-87.612656,NARCOTICS,2025-09-03,20,False
C102313,41.854598,-87.650704,MOTOR VEHICLE THEFT,2025-11-10,6,True
C102314,41.857057,-87.65323,ROBBERY,2025-07-03,19,False
C102315,41.877818,-87.632977,ASSAULT,2025-02-23,16,False
C102316,41.836995,-87.638858,MOTOR VEHICLE THEFT,2025-04-02,8,False
C102317,41.853371,-87.609196,BURGLARY,2025-05-13,2,True
C102318,41.893452,-87.663866,BURGLARY,2025-09-21,13,False
C102319,41.853371,-87.654211,THEFT,2025-11-03,7,False
C102320,41.852141,-87.60524,ASSAULT,2025-12-25,21,False
C102321,41.891004,-87.663406,THEFT,2025-01-17,16,False
C102322,41.888791,-87.664821,VANDALISM,2025-06-29,15,False
C102323,41.856504,-87.653175,ROBBERY,2025-11-10,21,True
C102324,41.832381,-87.653337,VANDALISM,2025-10-05,22,False
C102325,41.856985,-87.648158,MOTOR VEHICLE THEFT,2025-08-27,18,False
C102326,41.897886,-87.59619,ASSAULT,2025-04-17,21,False
C102327,41.839673,-87.632466,MOTOR VEHICLE THEFT,2025-05-22,7,False
C102328,41.877795,-87.624783,ASSAULT,2025-01-18,9,False
C102329,41.832696,-87.651725,ROBBERY,2025-03-29,10,False
C102330,41.877203,-87.592856,NARCOTICS,2025-04-19,18,True
C102331,41.871356,-87.580378,MOTOR VEHICLE THEFT,2025-07-10,13,False
C102332,unknown,n/a,FRAUD,2025-01-26,17,False
C102333,41.836512,-87.642671,VANDALISM,2025-10-28,23,False
C102334,41.856821,-87.65357,FRAUD,2025-03-18,16,False
C102335,41.887754,-87.667005,VANDALISM,2025-03-15,5,False
C102336,41.828859,-87.661765,THEFT,2025-03-25,9,False
C102337,41.856072,-87.654355,THEFT,2025-04-01,19,True
C102338,41.869834,-87.580648,VANDALISM,2025-12-28,17,False
C102339,41.845897,-87.611962,ASSAULT,2025-07-02,3,False
C102340,41.85252,-87.652956,FRAUD,2025-02-17,21,False
C102341,41.880833,-87.654735,NARCOTICS,2025-10-23,21,False
C102342,41.855145,-87.619532,NARCOTICS,2025-07-21,15,True
C102343,41.854434,-87.653519,FRAUD,2025-06-02,3,True
C102344,41.856114,-87.653835,FRAUD,2025-09-10,9,False
C102345,41.883452,-87.675601,VANDALISM,2025-05-31,10,True
C102346,41.876502,-87.626916,ROBBERY,2025-02-15,18,False
C102347,41.875642,-87.629125,BURGLARY,2025-12-18,9,True
C102348,41.874839,-87.629478,VANDALISM,2025-09-17,9,False
C102349,41.854392,-87.609058,THEFT,2025-07-15,17,False
C102350,41.884629,-87.660801,VANDALISM,2025-10-18,5,False
C102351,41.877855,-87.633054,THEFT,2025-10-15,8,False
C102352,41.884964,-87.664378,NARCOTICS,2025-06-10,10,True
C102353,41.858746,-87.655119,VANDALISM,2025-09-03,20,False
C102354,41.853,-87.620531,THEFT,2025-09-12,13,False
C102355,41.918194,-87.617283,FRAUD,2025-07-20,24,False
C102356,41.888528,-87.672597,ASSAULT,2025-08-05,6,False
C102357,41.850253,-87.601384,BURGLARY,2025-06-08,18,False
C102358,41.855312,-87.653126,FRAUD,2025-04-12,19,False
C102359,41.879066,-87.630178,MOTOR VEHICLE THEFT,2025-08-27,1,True
C102360,41.85081,-87.613035,FRAUD,2025-09-24,12,False
C102361,41.852705,-87.609495,NARCOTICS,2025-10-31,3,False
C102362,41.894369,-87.599979,ASSAULT,2025-06-09,14,False
C102363,41.899172,-87.64429,BURGLARY,2025-02-22,20,True
C102364,41.829785,-87.659612,FRAUD,2025-04-18,22,False
C102365,41.869944,-87.57928,VANDALISM,2025-04-09,10,True
C102366,41.885372,-87.669013,BURGLARY,2025-06-22,1,False
C102367,41.876761,-87.623416,THEFT,2025-03-18,13,False
C102368,41.891818,-87.598824,NARCOTICS,2025-04-17,17,False
C102369,41.870567,-87.579956,VANDALISM,2025-10-23,21,False
C102370,41.868637,-87.575382,VANDALISM,2025-09-07,9,False
C102371,41.886293,-87.65748,NARCOTICS,2025-04-29,18,False
C102372,41.868436,-87.58285,MOTOR VEHICLE THEFT,2025-01-11,22,False
C102373,41.875289,-87.63005,ASSAULT,2025-06-13,13,False
C102374,41.880224,-87.633987,ASSAULT,2025-03-30,21,False
C102375,41.896467,-87.590924,NARCOTICS,2025-07-07,8,False
C102376,41.852336,-87.614765,NARCOTICS,2025-05-30,12,False
C102377,41.877381,-87.629809,ROBBERY,2025-12-16,2,False
C102378,41.872464,-87.583635,ASSAULT,2025-08-17,20,True
C102379,41.829944,-87.612074,FRAUD,2025-01-02,3,False
C102380,41.888031,-87.678273,MOTOR VEHICLE THEFT,2025-12-19,18,False
C102381,41.89903,-87.592807,VANDALISM,2025-03-09,2,True
C102382,41.853653,-87.652829,NARCOTICS,2025-05-18,16,False
C102383,41.898692,-87.596279,ROBBERY,2025-11-13,10,False
C102384,41.87504,-87.631802,ASSAULT,2025-05-05,14,True
C102385,41.878725,-87.628498,THEFT,2025-06-16,23,False
C102386,41.898067,-87.599995,ASSAULT,2025-09-24,14,False
C102387,41.870996,-87.623363,VANDALISM,2025-05-15,3,False
C102388,41.853195,-87.608176,FRAUD,2025-09-10,13,False
C102389,41.902913,-87.577197,THEFT,2025-12-11,13,False
C102390,41.826963,-87.626583,BURGLARY,2025-02-08,12,False
C102391,41.834784,-87.646698,MOTOR VEHICLE THEFT,2025-02-09,15,False
C102392,41.858609,-87.591189,VANDALISM,2025-10-07,15,True
C102393,41.844405,-87.613728,ROBBERY,2025-01-06,23,False
C102394,41.881569,-87.656493,ASSAULT,2025-12-23,20,False
C102395,41.894925,-87.597724,ASSAULT,2025-11-27,24,False
C102396,41.85086,-87.606905,ASSAULT,2025-05-02,13,False
C102397,41.876398,-87.629581,THEFT,2025-10-27,16,True
C102398,41.875505,-87.629515,THEFT,2025-06-22,2,False
C102399,41.854246,-87.65345,FRAUD,2025-07-16,14,False
C102400,41.872483,-87.577192,ASSAULT,2025-08-16,6,True
C102401,41.854085,-87.65106,FRAUD,2025-04-07,17,False
C102402,41.855449,-87.648153,VANDALISM,2025-06-25,20,False
C102403,41.884868,-87.661473,VANDALISM,2025-10-11,11,True
C102404,41.879276,-87.627854,ASSAULT,2025-09-12,5,False
C102405,41.851376,-87.681902,BURGLARY,2025-02-27,19,False
C102406,41.850783,-87.607828,NARCOTICS,2025-05-31,8,False
C102407,41.855505,-87.612536,NARCOTICS,2025-06-05,21,False
C102408,41.878604,-87.631152,THEFT,2025-05-17,4,True
C102409,41.875469,-87.668699,VANDALISM,2025-03-04,6,False
C102410,41.838593,-87.630937,FRAUD,2025-09-27,24,False
C102411,41.878483,-87.633423,FRAUD,2025-05-29,13,True
C102412,41.854294,-87.615863,NARCOTICS,2025-06-18,24,False
C102413,41.88905,-87.669596,THEFT,2025-01-03,8,False
C102414,41.909681,-87.63307,FRAUD,2025-02-18,9,False
C102415,41.892754,-87.598833,ASSAULT,2025-06-17,4,False
C102416,41.879251,-87.634394,THEFT,2025-08-23,11,False
C102417,41.843013,-87.618014,ROBBERY,2025-06-15,11,False
C102418,41.825253,-87.629096,NARCOTICS,2025-06-14,6,False
C102419,41.868619,-87.577241,FRAUD,2025-12-25,15,False
C102420,41.86831,-87.564809,ROBBERY,2025-01-03,8,False
C102421,41.850667,-87.617411,THEFT,2025-05-19,13,False
C102422,41.892863,-87.662897,VANDALISM,2025-09-06,5,False
C102423,41.887027,-87.669916,MOTOR VEHICLE THEFT,2025-07-14,10,True
C102424,41.84877,-87.611376,NARCOTICS,2025-11-21,3,True
C102425,41.84993,-87.616876,NARCOTICS,2025-02-25,14,True
C102426,41.889982,-87.600659,ASSAULT,2025-06-20,8,False
C102427,41.875393,-87.625536,ROBBERY,2025-04-13,13,False
C102428,41.854394,-87.606132,BURGLARY,2025-08-26,1,False
C102429,41.842422,-87.623935,NARCOTICS,2025-03-25,1,False
C102430,41.871472,-87.579041,VANDALISM,2025-10-28,23,False
C102431,41.828016,-87.675393,THEFT,2025-12-22,17,False
C102432,41.891259,-87.595854,THEFT,2025-12-24,13,False
C102433,41.890498,-87.655699,BURGLARY,2025-02-16,19,False
C102434,41.852894,-87.613631,ASSAULT,2025-08-30,20,False
C102435,41.879177,-87.630633,MOTOR VEHICLE THEFT,2025-08-23,12,False
C102436,41.852888,-87.609742,ROBBERY,2025-06-17,23,False
C102437,41.845954,-87.602651,VANDALISM,2025-10-31,16,False
C102438,41.89421,-87.600729,ASSAULT,2025-04-13,22,False
C102439,41.854133,-87.64833,THEFT,2025-12-10,6,False
C102440,41.853936,-87.653751,MOTOR VEHICLE THEFT,2025-12-19,1,False
C102441,41.881391,-87.630196,MOTOR VEHICLE THEFT,2025-09-15,18,True
C102442,41.848194,-87.609978,ASSAULT,2025-04-28,9,False
C102443,41.871672,-87.580361,NARCOTICS,2025-03-07,11,False
C102444,41.89411,-87.595485,ASSAULT,2025-10-15,17,True
C102445,41.855169,-87.651553,VANDALISM,2025-12-02,16,True
C102446,41.873133,-87.576424,MOTOR VEHICLE THEFT,2025-12-09,18,False
C102447,41.876923,-87.630802,FRAUD,2025-07-08,17,False
C102448,41.868792,-87.5769,NARCOTICS,2025-04-20,20,False
C102449,41.895496,-87.59849,ASSAULT,2025-07-12,11,False
C102450,41.88626,-87.668378,BURGLARY,2025-03-26,22,False
C102451,41.85448,-87.651953,ASSAULT,2025-11-22,5,False
C102452,41.88817,-87.660082,MOTOR VEHICLE THEFT,2025-04-21,7,False
C102453,41.847119,-87.609134,FRAUD,2025-01-06,23,False
C102454,41.871681,-87.627111,THEFT,2025-04-04,17,False
C102455,41.849815,-87.610955,MOTOR VEHICLE THEFT,2025-09-20,20,False
C102456,41.85212,-87.595092,THEFT,2025-09-23,9,True
C102457,41.883007,-87.664311,BURGLARY,2025-10-05,10,False
C102458,41.852454,-87.613825,BURGLARY,2025-02-15,18,False
C102459,41.836588,-87.641502,ROBBERY,2025-09-02,10,False
C102460,41.8587,-87.655775,ROBBERY,2025-02-06,20,False
C102461,41.85428,-87.605223,NARCOTICS,2025-03-12,21,False
C102462,41.877226,-87.629859,ASSAULT,2025-11-01,3,False
C102463,41.880006,-87.626225,ASSAULT,2025-11-30,19,False
C102464,41.879267,-87.628894,ROBBERY,2025-06-18,22,False
C102465,41.873828,-87.630681,ASSAULT,2025-03-29,7,False
C102466,41.886385,-87.669964,BURGLARY,2025-11-15,11,False
C102467,41.871723,-87.581372,VANDALISM,2025-04-29,20,False
C102468,41.929152,-87.627056,FRAUD,2025-03-02,23,False
C102469,41.889219,-87.66357,MOTOR VEHICLE THEFT,2025-11-01,9,False
C102470,41.849159,-87.604407,ROBBERY,2025-08-18,12,False
C102471,41.880487,-87.627337,ROBBERY,2025-12-03,21,False
C102472,41.849343,-87.617354,NARCOTICS,2025-10-02,3,False
C102473,41.843089,-87.622428,ROBBERY,2025-04-07,3,True
C102474,41.85682,-87.65219,FRAUD,2025-09-23,22,False
C102475,41.851087,-87.599041,BURGLARY,2025-06-24,23,False
C102476,41.856423,-87.652451,ROBBERY,2025-08-09,18,False
C102477,41.833848,-87.649404,FRAUD,2025-11-07,9,False
C102478,41.880319,-87.628336,FRAUD,2025-08-15,8,False
C102479,41.848953,-87.612757,BURGLARY,2025-07-16,23,False
C102480,41.892796,-87.604151,ASSAULT,2025-06-04,15,False
C102481,41.854138,-87.647586,ROBBERY,2025-03-25,6,True
C102482,41.910367,-87.648037,FRAUD,2025-05-04,24,False
C102483,41.873502,-87.627318,BURGLARY,2025-05-16,9,False
C102484,41.873804,-87.628805,BURGLARY,2025-02-09,1,True
C102485,41.879873,-87.558529,NARCOTICS,2025-08-19,7,False
C102486,41.875879,-87.628201,ASSAULT,2025-01-01,22,False
C102487,41.854588,-87.651303,FRAUD,2025-09-22,15,False
C102488,41.886186,-87.628568,NARCOTICS,2025-03-10,17,False
C102489,41.878622,-87.631086,THEFT,2025-04-23,7,False
C102490,0.0,0.0,ROBBERY,2025-12-06,22,False
C102491,41.828762,-87.665132,BURGLARY,2025-03-11,17,True
C102492,41.891266,-87.661598,BURGLARY,2025-12-19,16,True
C102493,41.852951,-87.610423,VANDALISM,2025-10-12,17,False
C102494,41.888154,-87.667041,BURGLARY,2025-03-04,3,True
C102495,41.8943,-87.594442,NARCOTICS,2025-04-21,19,False
C102496,41.891657,-87.596732,ASSAULT,2025-05-15,24,True
C102497,41.847445,-87.615545,VANDALISM,2025-03-31,11,False
C102498,41.870955,-87.62959,VANDALISM,2025-07-04,22,False
C102499,41.854662,-87.652562,NARCOTICS,2025-04-16,11,False
C102500,41.902804,-87.606521,MOTOR VEHICLE THEFT,2025-01-09,12,False
C102501,41.871063,-87.561048,NARCOTICS,2025-03-26,7,False
C102502,41.867882,-87.580336,THEFT,2025-06-10,18,False
C102503,41.831061,-87.655681,NARCOTICS,2025-02-18,12,False
C102504,41.895249,-87.598098,ASSAULT,2025-09-15,8,False
C102505,41.877553,-87.629413,BURGLARY,2025-05-21,13,True
C102506,41.848147,-87.604556,FRAUD,2025-06-14,8,False
C102507,41.860812,-87.581225,MOTOR VEHICLE THEFT,2025-03-10,7,True
C102508,41.896752,-87.600415,ASSAULT,2025-07-09,18,False
C102509,41.852064,-87.607908,NARCOTICS,2025-08-25,14,False
C102510,41.893191,-87.594406,ASSAULT,2025-11-07,24,False
C102511,41.831568,-87.657185,MOTOR VEHICLE THEFT,2025-02-07,5,False
C102512,41.895044,-87.594152,VANDALISM,2025-08-18,20,True
C102513,41.855972,-87.651293,ROBBERY,2025-05-11,11,False
C102514,41.892523,-87.595978,THEFT,2025-02-14,16,False
C102515,41.891464,-87.599583,MOTOR VEHICLE THEFT,2025-12-13,8,False
C102516,41.880442,-87.629966,THEFT,2025-06-11,14,True
C102517,41.848012,-87.613114,ROBBERY,2025-06-17,13,True
C102518,41.849435,-87.605844,ASSAULT,2025-06-27,16,True
C102519,41.886971,-87.653934,ASSAULT,2025-11-22,19,False
C102520,41.896239,-87.600704,NARCOTICS,2025-08-31,15,False
C102521,41.876465,-87.632296,ROBBERY,2025-03-25,1,False
C102522,41.898006,-87.5987,MOTOR VEHICLE THEFT,2025-12-08,6,False
C102523,41.857671,-87.686819,NARCOTICS,2025-10-14,11,False
C102524,41.893323,-87.658624,BURGLARY,2025-03-23,18,False
C102525,41.854135,-87.610547,MOTOR VEHICLE THEFT,2025-02-01,3,True
C102526,41.855651,-87.649388,NARCOTICS,2025-12-20,21,False
C102527,41.857004,-87.651064,THEFT,2025-12-14,9,False
C102528,41.877047,-87.631817,THEFT,2025-05-13,14,False
C102529,41.854587,-87.64923,VANDALISM,2025-12-18,18,False
C102530,41.847597,-87.610613,MOTOR VEHICLE THEFT,2025-07-17,9,False
C102531,41.855777,-87.650204,FRAUD,2025-09-10,16,False
C102532,41.877062,-87.633156,VANDALISM,2025-08-16,8,False
C102533,41.922154,-87.698611,VANDALISM,2025-03-15,18,True
C102534,41.852692,-87.596741,MOTOR VEHICLE THEFT,2025-05-16,1,True
C102535,41.88797,-87.669644,FRAUD,2025-10-04,20,False
C102536,41.830155,-87.630351,ROBBERY,2025-05-28,11,True
C102537,41.891891,-87.651898,MOTOR VEHICLE THEFT,2025-10-21,9,False
C102538,41.862168,-87.689269,VANDALISM,2025-05-19,13,False
C102539,41.879496,-87.660086,ASSAULT,2025-08-27,9,False
C102540,41.870421,-87.643933,ASSAULT,2025-11-01,7,False
C102541,41.891541,-87.665896,FRAUD,2025-10-11,5,False
C102542,41.880752,-87.564561,VANDALISM,2025-11-25,18,False
C102543,41.880414,-87.627642,THEFT,2025-04-03,8,False
C102544,41.828878,-87.664317,MOTOR VEHICLE THEFT,2025-01-01,17,True
C102545,41.892884,-87.667409,VANDALISM,2025-10-13,15,False
C102546,41.854261,-87.612606,NARCOTICS,2025-01-20,3,True
C102547,41.877907,-87.626335,ASSAULT,2025-03-24,17,False
C102548,41.870433,-87.578459,BURGLARY,2025-05-21,12,False
C102549,41.879903,-87.623363,THEFT,2025-07-04,18,False
C102550,41.832101,-87.652899,VANDALISM,2025-01-03,4,True
C102551,41.837733,-87.641109,THEFT,2025-05-25,13,False
C102552,41.85488,-87.646584,ROBBERY,2025-03-27,19,False
C102553,41.893205,-87.600151,ROBBERY,2025-03-19,2,False
C102554,41.891611,-87.596341,ROBBERY,2025-04-07,13,False
C102555,41.84014,-87.630319,NARCOTICS,2025-04-05,16,False
C102556,41.89679,-87.597374,ASSAULT,2025-06-18,7,False
C102557,41.891258,-87.59999,ROBBERY,2025-11-20,21,False
C102558,41.831031,-87.656865,ROBBERY,2025-10-13,12,False
C102559,41.880105,-87.631756,ASSAULT,2025-01-23,21,False
C102560,41.855308,-87.611424,THEFT,2025-04-14,23,False
C102561,41.855385,-87.610265,MOTOR VEHICLE THEFT,2025-06-29,1,False
C102562,41.917472,-87.56848,THEFT,2025-01-25,10,False
C102563,41.865931,-87.583127,NARCOTICS,2025-06-26,10,False
C102564,41.842123,-87.584806,NARCOTICS,2025-12-10,18,False
C102565,41.883089,-87.632092,ASSAULT,2025-02-10,12,False
C102566,41.922766,-87.69017,MOTOR VEHICLE THEFT,2025-04-09,20,True
C102567,41.872601,-87.578835,THEFT,2025-01-31,15,False
C102568,41.889737,-87.674328,ROBBERY,2025-05-13,4,False
C102569,41.877516,-87.630394,THEFT,2025-06-09,20,False
C102570,41.883493,-87.627717,FRAUD,2025-06-22,4,False
C102571,41.854813,-87.649609,THEFT,2025-05-11,1,False
C102572,41.878292,-87.627674,ASSAULT,2025-07-15,4,False
C102573,41.877309,-87.654025,NARCOTICS,2025-04-05,22,False
C102574,41.883475,-87.626982,THEFT,2025-11-03,19,False
C102575,41.85075,-87.595136,NARCOTICS,2025-04-04,11,False
C102576,41.876898,-87.628928,VANDALISM,2025-04-03,9,False
C102577,41.90346,-87.624424,ASSAULT,2025-03-25,24,False
C102578,41.880794,-87.672988,MOTOR VEHICLE THEFT,2025-08-26,12,False
C102579,41.856759,-87.649584,FRAUD,2025-08-21,19,False
C102580,41.871006,-87.576607,ROBBERY,2025-10-02,3,True
C102581,41.860096,-87.652478,VANDALISM,2025-12-23,10,False
C102582,41.893105,-87.597282,NARCOTICS,2025-01-31,19,False
C102583,41.851219,-87.652377,ROBBERY,2025-04-22,23,False
C102584,41.877507,-87.640836,BURGLARY,2025-11-07,12,True
C102585,95.2,-87.6,THEFT,2025-05-26,12,False
C102586,41.848447,-87.681995,ASSAULT,2025-04-08,20,True
C102587,41.854519,-87.656251,THEFT,2025-09-12,3,False
C102588,41.877095,-87.634663,ROBBERY,2025-07-14,9,False
C102589,41.854979,-87.651156,FRAUD,2025-04-23,5,False
C102590,41.872845,-87.572781,FRAUD,2025-10-17,24,False
C102591,41.891845,-87.66177,BURGLARY,2025-02-16,13,False
C102592,41.882195,-87.663634,THEFT,2025-06-26,7,False
C102593,41.895389,-87.597695,NARCOTICS,2025-08-25,19,False
C102594,41.836268,-87.640768,FRAUD,2025-10-05,11,False
C102595,41.853328,-87.606703,NARCOTICS,2025-05-10,8,True
C102596,41.872785,-87.626005,ASSAULT,2025-02-19,12,False
C102597,41.892664,-87.602697,MOTOR VEHICLE THEFT,2025-01-02,23,False
C102598,41.853188,-87.610451,NARCOTICS,2025-12-15,12,False
C102599,41.85755,-87.648309,FRAUD,2025-04-30,7,False
C102600,41.869873,-87.579999,THEFT,2025-06-18,9,False
C102601,41.874598,-87.630134,THEFT,2025-11-17,24,False
C102602,41.877342,-87.624925,MOTOR VEHICLE THEFT,2025-09-09,13,False
C102603,41.9,,BURGLARY,2025-01-20,16,False
C102604,41.89453,-87.598151,NARCOTICS,2025-02-24,12,True
C102605,41.895791,-87.597578,THEFT,2025-11-22,18,False
C102606,41.876925,-87.627275,THEFT,2025-09-08,10,False
C102607,41.855606,-87.65379,FRAUD,2025-08-13,10,False
C102608,41.892496,-87.59942,ASSAULT,2025-11-15,9,False
C102609,41.878948,-87.628703,THEFT,2025-10-31,13,False
C102610,41.865323,-87.652585,THEFT,2025-09-30,21,True
C102611,41.894493,-87.56539,THEFT,2025-07-24,9,True
C102612,41.874736,-87.639092,THEFT,2025-12-04,14,False
C102613,41.894955,-87.596634,THEFT,2025-09-17,13,False
C102614,41.838896,-87.633765,FRAUD,2025-02-01,3,True
C102615,41.872809,-87.631235,BURGLARY,2025-11-20,21,False
C102616,41.877449,-87.629651,FRAUD,2025-02-26,9,False
C102617,41.890059,-87.66904,THEFT,2025-03-04,19,False
C102618,41.868244,-87.581721,ASSAULT,2025-10-03,16,False
C102619,41.872555,-87.576716,VANDALISM,2025-02-10,20,False
C102620,41.882986,-87.625695,THEFT,2025-01-11,12,True
C102621,41.853029,-87.612491,NARCOTICS,2025-07-28,10,False
C102622,41.854988,-87.652845,BURGLARY,2025-08-14,12,True
C102623,41.877285,-87.623857,BURGLARY,2025-06-24,8,False
C102624,41.875985,-87.628889,VANDALISM,2025-05-06,20,False
C102625,41.828642,-87.663599,ROBBERY,2025-07-09,15,True
C102626,41.886402,-87.667028,MOTOR VEHICLE THEFT,2025-07-03,12,False
C102627,41.88019,-87.629891,THEFT,2025-05-12,23,False
C102628,41.831094,-87.657397,ASSAULT,2025-06-15,4,True
C102629,41.898028,-87.599515,ASSAULT,2025-12-24,17,False
C102630,41.876432,-87.630398,THEFT,2025-10-14,19,True
C102631,41.89105,-87.655687,THEFT,2025-08-09,6,False
C102632,41.834561,-87.644364,THEFT,2025-01-10,5,False
C102633,41.880112,-87.628656,FRAUD,2025-08-11,20,True
C102634,41.896375,-87.599188,VANDALISM,2025-11-29,17,False
C102635,41.886363,-87.657449,THEFT,2025-01-11,22,False
C102636,41.829678,-87.66273,THEFT,2025-07-21,13,True
C102637,41.890934,-87.593859,MOTOR VEHICLE THEFT,2025-04-11,18,False
C102638,41.882093,-87.650543,MOTOR VEHICLE THEFT,2025-10-22,10,False
C102639,41.897744,-87.679497,THEFT,2025-04-14,18,True
C102640,41.841959,-87.625092,NARCOTICS,2025-06-25,18,False
C102641,41.849718,-87.580866,THEFT,2025-12-29,17,False
C102642,41.839115,-87.635192,ASSAULT,2025-01-31,23,False
C102643,41.887258,-87.665907,THEFT,2025-02-20,14,False
C102644,41.890933,-87.603519,NARCOTICS,2025-03-20,24,False
C102645,41.841998,-87.696632,ROBBERY,2025-07-04,10,False
C102646,41.895488,-87.600354,ROBBERY,2025-03-06,4,False
C102647,41.885138,-87.629924,ASSAULT,2025-09-24,18,True
C102648,41.870941,-87.577482,ROBBERY,2025-04-13,11,False
C102649,41.894909,-87.599563,NARCOTICS,2025-08-15,11,False
C102650,41.888435,-87.669146,MOTOR VEHICLE THEFT,2025-03-29,18,True
C102651,41.877685,-87.631743,ASSAULT,2025-10-06,5,False
C102652,41.886422,-87.655309,VANDALISM,2025-06-28,8,False
C102653,41.845517,-87.613314,ROBBERY,2025-05-12,22,False
C102654,41.869657,-87.578551,ASSAULT,2025-09-22,20,False
C102655,41.845004,-87.609927,ASSAULT,2025-03-01,22,False
C102656,41.897379,-87.598647,BURGLARY,2025-08-08,20,True
C102657,41.872727,-87.629899,THEFT,2025-03-25,4,False
C102658,41.85002,-87.613024,THEFT,2025-04-05,7,False
C102659,41.893168,-87.663681,THEFT,2025-07-20,20,False
C102660,41.869223,-87.581271,VANDALISM,2025-09-11,20,False
C102661,41.85392,-87.60953,NARCOTICS,2025-07-09,15,False
C102662,41.853817,-87.607544,NARCOTICS,2025-02-20,20,False
C102663,41.880298,-87.635394,FRAUD,2025-05-29,8,False
C102664,41.83006,-87.659767,MOTOR VEHICLE THEFT,2025-11-10,4,False
C102665,41.88394,-87.666964,BURGLARY,2025-12-02,8,False
C102666,41.894694,-87.658302,BURGLARY,2025-05-16,18,True
C102667,41.883732,-87.659002,MOTOR VEHICLE THEFT,2025-05-27,4,False
C102668,41.877833,-87.628705,THEFT,2025-03-30,14,False
C102669,41.850303,-87.598887,VANDALISM,2025-03-19,11,False
C102670,41.87836,-87.632304,THEFT,2025-07-18,21,False
C102671,41.896518,-87.598311,ASSAULT,2025-08-08,6,False
C102672,41.848378,-87.607898,MOTOR VEHICLE THEFT,2025-08-20,15,True
C102673,41.853141,-87.648493,THEFT,2025-08-01,17,True
C102674,41.850925,-87.6126,BURGLARY,2025-08-03,24,False
C102675,41.893102,-87.595259,THEFT,2025-10-14,23,False
C102676,41.874586,-87.624127,ROBBERY,2025-09-21,10,False
C102677,41.852647,-87.601134,MOTOR VEHICLE THEFT,2025-07-24,8,True
C102678,41.877334,-87.621556,ROBBERY,2025-10-10,17,False
C102679,41.891212,-87.600603,NARCOTICS,2025-01-03,7,False
C102680,41.857823,-87.655798,ASSAULT,2025-12-09,9,False
C102681,41.84768,-87.606994,NARCOTICS,2025-06-26,13,True
C102682,41.874778,-87.633091,VANDALISM,2025-08-23,20,False
C102683,41.882831,-87.654224,VANDALISM,2025-03-09,3,False
C102684,41.896365,-87.597155,ASSAULT,2025-11-02,20,False
C102685,41.830776,-87.657916,NARCOTICS,2025-03-27,4,False
C102686,41.88191,-87.629485,ROBBERY,2025-08-07,7,False
C102687,41.882921,-87.637828,THEFT,2025-10-09,5,False
C102688,41.880836,-87.661207,THEFT,2025-09-24,3,False
C102689,41.859731,-87.653829,ASSAULT,2025-12-18,20,False
C102690,41.87099,-87.58144,VANDALISM,2025-06-22,3,True
C102691,41.897782,-87.603538,NARCOTICS,2025-11-15,13,False
C102692,41.887306,-87.659754,MOTOR VEHICLE THEFT,2025-03-21,24,False
C102693,41.884327,-87.627337,ROBBERY,2025-03-27,19,False
C102694,41.891805,-87.662611,NARCOTICS,2025-09-10,6,True
C102695,41.872128,-87.576586,ASSAULT,2025-06-05,20,True
C102696,41.835879,-87.642843,BURGLARY,2025-06-28,9,True
C102697,41.842833,-87.622514,FRAUD,2025-11-11,8,False
C102698,41.874932,-87.629943,FRAUD,2025-01-08,9,False
C102699,41.883479,-87.658341,BURGLARY,2025-11-04,5,False
C102700,41.898015,-87.599937,NARCOTICS,2025-06-04,20,False
C102701,41.876577,-87.63044,FRAUD,2025-01-22,2,True
C102702,41.879687,-87.632939,MOTOR VEHICLE THEFT,2025-05-20,2,False
C102703,41.894908,-87.594204,ASSAULT,2025-04-12,18,False
C102704,41.829778,-87.667563,THEFT,2025-10-30,6,False
C102705,41.877026,-87.638213,THEFT,2025-08-05,13,False
C102706,41.844178,-87.6188,ASSAULT,2025-09-11,24,False
C102707,41.853372,-87.61441,BURGLARY,2025-03-13,21,True
C102708,41.840597,-87.629747,BURGLARY,2025-01-02,5,False
C102709,41.87207,-87.578109,VANDALISM,2025-01-08,16,False
C102710,41.848736,-87.605097,VANDALISM,2025-06-02,12,False
C102711,41.883396,-87.668589,THEFT,2025-03-22,5,True
C102712,41.857588,-87.647936,FRAUD,2025-10-08,23,False
C102713,41.872162,-87.577536,FRAUD,2025-07-17,12,False
C102714,41.894139,-87.602823,BURGLARY,2025-08-12,5,False
C102715,41.886875,-87.659368,VANDALISM,2025-09-18,10,False
C102716,41.853749,-87.65152,VANDALISM,2025-11-23,5,False
C102717,41.893115,-87.601567,VANDALISM,2025-09-27,3,False
C102718,41.856912,-87.682549,BURGLARY,2025-08-01,4,False
C102719,41.85697,-87.610147,MOTOR VEHICLE THEFT,2025-07-26,4,False
C102720,41.873597,-87.579915,VANDALISM,2025-02-25,9,False
C102721,41.892697,-87.597787,NARCOTICS,2025-08-07,17,True
C102722,41.877446,-87.630231,ROBBERY,2025-10-15,16,False
C102723,41.878003,-87.665265,BURGLARY,2025-07-10,16,True
C102724,41.870197,-87.578985,VANDALISM,2025-01-25,14,False
C102725,41.8817,-87.631392,ROBBERY,2025-10-17,11,False
C102726,41.895531,-87.598447,NARCOTICS,2025-08-21,9,False
C102727,41.885487,-87.657462,BURGLARY,2025-08-26,3,False
C102728,41.889646,-87.655886,BURGLARY,2025-01-18,8,True
C102729,41.899843,-87.599934,ASSAULT,2025-09-07,7,False
C102730,41.856767,-87.611632,BURGLARY,2025-01-10,22,True
C102731,41.882709,-87.668579,MOTOR VEHICLE THEFT,2025-11-26,11,False
C102732,41.848056,-87.608721,BURGLARY,2025-05-20,2,True
C102733,41.893909,-87.598712,NARCOTICS,2025-02-12,18,True
C102734,41.894439,-87.59617,BURGLARY,2025-01-11,7,True
C102735,41.893344,-87.594928,MOTOR VEHICLE THEFT,2025-01-14,10,False
C102736,41.892422,-87.594848,NARCOTICS,2025-12-23,7,True
C102737,41.879834,-87.63448,THEFT,2025-07-14,19,True
C102738,41.892826,-87.600202,BURGLARY,2025-01-12,23,False
C102739,41.891228,-87.596471,NARCOTICS,2025-06-12,9,False
C102740,41.849734,-87.600364,VANDALISM,2025-02-23,10,False
C102741,41.881316,-87.635066,NARCOTICS,2025-11-28,15,False
C102742,41.894515,-87.601355,ROBBERY,2025-04-09,20,False
C102743,41.834221,-87.620145,THEFT,2025-04-23,18,False
C102744,41.857624,-87.650416,FRAUD,2025-12-17,8,False
C102745,41.843291,-87.619717,THEFT,2025-09-04,11,False
C102746,41.879848,-87.625909,THEFT,2025-06-23,8,False
C102747,41.876553,-87.62889,VANDALISM,2025-09-11,12,True
C102748,41.835793,-87.643492,THEFT,2025-06-12,23,False
C102749,41.841146,-87.623444,THEFT,2025-03-29,2,False
C102750,41.878049,-87.667356,VANDALISM,2025-02-26,14,False
C102751,41.851189,-87.610003,BURGLARY,2025-01-04,3,False
C102752,41.882786,-87.630301,ASSAULT,2025-04-25,13,False
C102753,41.880148,-87.634743,MOTOR VEHICLE THEFT,2025-06-02,17,False
C102754,41.836071,-87.643214,MOTOR VEHICLE THEFT,2025-11-26,7,False
C102755,41.853907,-87.654474,THEFT,2025-03-15,3,False
C102756,41.856943,-87.64926,FRAUD,2025-06-05,13,False
C102757,41.84824,-87.607886,ASSAULT,2025-03-11,5,False
C102758,41.855723,-87.648529,THEFT,2025-02-25,18,False
C102759,41.895406,-87.595561,ASSAULT,2025-06-18,12,False
C102760,41.848102,-87.613582,MOTOR VEHICLE THEFT,2025-04-19,15,False
C102761,41.863971,-87.559701,THEFT,2025-03-07,23,False
C102762,41.879438,-87.628191,ROBBERY,2025-08-10,8,False
C102763,41.853956,-87.612239,FRAUD,2025-07-24,24,False
C102764,41.867844,-87.578599,VANDALISM,2025-01-06,8,False
C102765,41.896954,-87.599721,NARCOTICS,2025-08-13,19,True
C102766,41.852442,-87.610438,NARCOTICS,2025-01-07,18,False
C102767,41.851596,-87.615416,NARCOTICS,2025-06-21,9,False
C102768,41.844667,-87.674394,VANDALISM,2025-03-26,21,False
C102769,41.833202,-87.654252,VANDALISM,2025-07-25,5,False
C102770,41.897582,-87.601525,ASSAULT,2025-10-18,18,False
C102771,41.88546,-87.633474,NARCOTICS,2025-03-14,10,False
C102772,41.881116,-87.631062,THEFT,2025-05-03,20,False
C102773,41.892331,-87.665135,BURGLARY,2025-07-30,2,False
C102774,41.922309,-87.63894,BURGLARY,2025-01-27,22,False
C102775,41.871446,-87.578305,VANDALISM,2025-11-08,7,False
C102776,41.884427,-87.662289,MOTOR VEHICLE THEFT,2025-02-27,1,False
C102777,41.850961,-87.612795,BURGLARY,2025-11-06,17,False
C102778,41.872764,-87.60812,ROBBERY,2025-05-16,2,False
C102779,41.89421,-87.598896,NARCOTICS,2025-02-10,15,True
C102780,41.894907,-87.598413,ROBBERY,2025-10-22,6,False
C102781,41.887076,-87.661377,BURGLARY,2025-04-29,23,False
C102782,41.879662,-87.628453,BURGLARY,2025-03-11,14,False
C102783,41.878432,-87.629766,ASSAULT,2025-09-19,8,False
C102784,41.88899,-87.671354,THEFT,2025-08-23,13,False
C102785,41.870741,-87.57946,ASSAULT,2025-08-04,11,False
C102786,41.850285,-87.61143,ROBBERY,2025-03-01,16,False
C102787,41.895209,-87.598646,NARCOTICS,2025-05-22,18,True
C102788,41.874748,-87.632666,VANDALISM,2025-03-06,5,False
C102789,41.845081,-87.615158,VANDALISM,2025-11-01,7,False
C102790,41.871956,-87.631458,THEFT,2025-07-28,2,False
C102791,41.850925,-87.60922,NARCOTICS,2025-11-23,6,False
C102792,41.851026,-87.612547,THEFT,2025-01-30,4,False
C102793,41.873083,-87.634973,MOTOR VEHICLE THEFT,2025-07-25,24,False
C102794,41.835298,-87.643405,ASSAULT,2025-01-30,18,False
C102795,41.89204,-87.60141,THEFT,2025-04-02,9,False
C102796,41.90556,-87.643722,THEFT,2025-10-26,13,False
C102797,41.876234,-87.630048,ASSAULT,2025-12-18,22,False
C102798,41.876119,-87.630541,ROBBERY,2025-10-26,12,True
C102799,41.898986,-87.596836,THEFT,2025-06-25,10,False
C102800,41.892148,-87.598873,NARCOTICS,2025-09-19,21,True
C102801,41.849116,-87.602054,VANDALISM,2025-05-07,22,False
C102802,41.894948,-87.598137,VANDALISM,2025-09-20,15,True
C102803,41.89513,-87.593264,ASSAULT,2025-02-16,20,False
C102804,41.871807,-87.579837,ASSAULT,2025-02-19,13,True
C102805,41.926545,-87.661591,ROBBERY,2025-12-11,8,True
C102806,41.893801,-87.598909,ASSAULT,2025-12-08,4,False
C102807,41.859077,-87.653134,ROBBERY,2025-09-10,2,False
C102808,41.864749,-87.591413,ASSAULT,2025-01-13,12,True
C102809,41.870354,-87.580198,ASSAULT,2025-01-26,16,False
C102810,41.851126,-87.607257,VANDALISM,2025-03-11,24,False
C102811,41.893653,-87.597903,NARCOTICS,2025-03-08,9,False
C102812,41.886383,-87.671134,MOTOR VEHICLE THEFT,2025-12-13,6,False
C102813,41.897473,-87.595793,NARCOTICS,2025-12-04,8,False
C102814,41.853355,-87.607082,NARCOTICS,2025-12-31,23,False
C102815,41.83482,-87.645448,BURGLARY,2025-01-28,18,False
C102816,41.878566,-87.622529,NARCOTICS,2025-11-09,3,False
C102817,41.889677,-87.664872,MOTOR VEHICLE THEFT,2025-09-04,10,False
C102818,41.876928,-87.630074,NARCOTICS,2025-07-05,8,False
C102819,41.89589,-87.599325,ROBBERY,2025-07-27,7,True
C102820,41.893575,-87.594771,NARCOTICS,2025-02-05,3,True
C102821,41.892509,-87.594669,THEFT,2025-07-02,21,False
C102822,41.88548,-87.668633,BURGLARY,2025-04-25,19,False
C102823,41.853182,-87.605107,BURGLARY,2025-09-10,20,True
C102824,41.901261,-87.652578,MOTOR VEHICLE THEFT,2025-11-22,19,True
C102825,41.830549,-87.659821,FRAUD,2025-05-03,20,False
C102826,41.854006,-87.61231,ROBBERY,2025-09-11,6,True
C102827,41.884895,-87.663058,THEFT,2025-08-17,8,False
C102828,41.854196,-87.650596,ROBBERY,2025-05-07,1,False
C102829,41.856866,-87.614757,ROBBERY,2025-11-17,24,False
C102830,41.865527,-87.700623,MOTOR VEHICLE THEFT,2025-03-01,19,True
C102831,41.852878,-87.615033,BURGLARY,2025-07-28,13,False
C102832,41.847775,-87.610662,ROBBERY,2025-10-14,5,False
C102833,41.873787,-87.630037,THEFT,2025-07-11,8,True
C102834,41.85828,-87.652959,FRAUD,2025-08-11,16,False
C102835,41.877594,-87.630631,BURGLARY,2025-08-12,4,False
C102836,41.85571,-87.649599,FRAUD,2025-03-13,2,True
C102837,41.852907,-87.653379,THEFT,2025-03-09,20,False
C102838,41.836036,-87.642674,ASSAULT,2025-10-28,19,True
C102839,41.851471,-87.616865,NARCOTICS,2025-05-02,17,False
C102840,41.852406,-87.614424,MOTOR VEHICLE THEFT,2025-09-24,23,False
C102841,41.902179,-87.693566,NARCOTICS,2025-09-19,23,False
C102842,41.869255,-87.576055,VANDALISM,2025-12-02,7,True
C102843,41.88464,-87.665621,BURGLARY,2025-07-27,3,False
C102844,41.855915,-87.650815,THEFT,2025-06-26,24,False
C102845,41.889298,-87.671633,THEFT,2025-02-13,2,True
C102846,41.886066,-87.662562,NARCOTICS,2025-08-15,12,True
C102847,41.875185,-87.628296,FRAUD,2025-11-13,22,False
C102848,41.893148,-87.599332,NARCOTICS,2025-11-15,18,True
C102849,41.854821,-87.607294,BURGLARY,2025-05-31,7,True
C102850,41.917991,-87.589225,NARCOTICS,2025-10-28,13,False
C102851,41.852768,-87.613625,THEFT,2025-04-01,8,False
C102852,41.838256,-87.639802,FRAUD,2025-08-02,17,False
C102853,41.868387,-87.579512,VANDALISM,2025-02-24,4,False
C102854,41.836775,-87.639949,ROBBERY,2025-12-27,8,True
C102855,41.880326,-87.634165,THEFT,2025-12-04,13,False
C102856,41.893527,-87.599617,ASSAULT,2025-04-15,23,True
C102857,41.854567,-87.652854,ROBBERY,2025-09-24,5,False
C102858,41.886332,-87.6577,ROBBERY,2025-08-31,9,True
C102859,41.867303,-87.578963,THEFT,2025-04-23,2,True
C102860,41.887308,-87.592778,ROBBERY,2025-07-30,12,False
C102861,41.874638,-87.628083,THEFT,2025-03-12,23,True
C102862,41.892646,-87.600464,NARCOTICS,2025-12-08,8,False
C102863,41.891312,-87.661408,MOTOR VEHICLE THEFT,2025-11-07,4,False
C102864,41.923327,-87.691538,VANDALISM,2025-01-07,14,False
C102865,41.893581,-87.664637,ASSAULT,2025-02-23,9,True
C102866,41.871317,-87.576679,ASSAULT,2025-01-17,7,False
C102867,41.853559,-87.611467,BURGLARY,2025-07-10,5,False
C102868,41.847194,-87.611776,NARCOTICS,2025-05-26,3,False
C102869,41.83035,-87.660105,THEFT,2025-09-01,20,False
C102870,41.870295,-87.578921,ROBBERY,2025-08-20,24,False
C102871,41.842355,-87.623753,ASSAULT,2025-12-09,19,True
C102872,41.895148,-87.60141,BURGLARY,2025-08-19,16,False
C102873,41.88698,-87.62848,ROBBERY,2025-09-08,23,False
C102874,41.856235,-87.650714,VANDALISM,2025-08-28,17,False
C102875,41.876524,-87.63871,THEFT,2025-02-09,12,False
C102876,41.894418,-87.599468,BURGLARY,2025-01-21,18,False
C102877,41.878156,-87.633623,ASSAULT,2025-07-09,19,False
C102878,41.892153,-87.605091,NARCOTICS,2025-01-24,7,True
C102879,41.855924,-87.653573,BURGLARY,2025-11-29,20,False
C102880,41.83037,-87.659171,ROBBERY,2025-03-07,15,False
C102881,41.887972,-87.661895,BURGLARY,2025-04-09,21,False
C102882,41.882207,-87.664136,BURGLARY,2025-07-27,2,True
C102883,41.881658,-87.629937,BURGLARY,2025-02-02,4,False
C102884,41.877837,-87.632435,MOTOR VEHICLE THEFT,2025-08-27,15,False
C102885,41.8772,-87.6273,THEFT,2025-01-22,12,False
C102886,41.895081,-87.601241,THEFT,2025-08-01,16,False
C102887,41.850799,-87.619099,NARCOTICS,2025-11-01,16,False
C102888,41.847059,-87.607827,THEFT,2025-10-18,16,False
C102889,41.836878,-87.640014,ASSAULT,2025-12-07,8,False
C102890,41.871168,-87.579621,VANDALISM,2025-10-08,19,False
C102891,41.891774,-87.599826,NARCOTICS,2025-06-18,19,False
C102892,41.884578,-87.659049,BURGLARY,2025-05-01,8,False
C102893,41.874048,-87.682251,ROBBERY,2025-04-22,16,True
C102894,41.883607,-87.636195,FRAUD,2025-05-20,6,False
C102895,41.874767,-87.638114,ASSAULT,2025-05-26,20,False
C102896,41.871092,-87.579197,ASSAULT,2025-05-24,9,True
C102897,41.890714,-87.66849,MOTOR VEHICLE THEFT,2025-03-07,18,False
C102898,41.847506,-87.611828,MOTOR VEHICLE THEFT,2025-01-26,20,False
C102899,41.869156,-87.577023,ASSAULT,2025-06-09,11,False
C102900,41.877877,-87.630794,ROBBERY,2025-08-23,10,False
C102901,41.88228,-87.659914,BURGLARY,2025-06-22,3,False
C102902,41.88403,-87.657064,MOTOR VEHICLE THEFT,2025-07-02,4,True
C102903,41.857936,-87.652395,THEFT,2025-07-14,6,False
C102904,41.896305,-87.604255,VANDALISM,2025-02-14,1,False
C102905,41.876199,-87.627068,THEFT,2025-02-08,12,False
C102906,41.852498,-87.614318,MOTOR VEHICLE THEFT,2025-10-14,3,False
C102907,41.84126,-87.626101,FRAUD,2025-12-22,23,True
C102908,41.885376,-87.663142,VANDALISM,2025-08-23,6,False
C102909,41.892612,-87.598188,BURGLARY,2025-08-17,5,False
C102910,41.92824,-87.56743,BURGLARY,2025-10-30,20,True
C102911,41.880819,-87.624109,THEFT,2025-07-29,20,False
C102912,41.828918,-87.646486,VANDALISM,2025-09-11,9,False
C102913,41.869583,-87.582646,BURGLARY,2025-10-29,7,False
C102914,41.893777,-87.595021,THEFT,2025-12-13,6,True
C102915,41.852606,-87.652402,ASSAULT,2025-01-18,15,False
C102916,41.878814,-87.638563,MOTOR VEHICLE THEFT,2025-12-20,20,True
C102917,41.876664,-87.627348,THEFT,2025-08-03,22,False
C102918,41.886201,-87.667567,MOTOR VEHICLE THEFT,2025-12-24,2,False
C102919,41.868225,-87.681649,ROBBERY,2025-05-15,11,False
C102920,41.882847,-87.658654,MOTOR VEHICLE THEFT,2025-05-11,10,False
C102921,41.8553,-87.659059,BURGLARY,2025-08-23,6,True
C102922,41.871274,-87.577632,VANDALISM,2025-07-06,17,False
C102923,41.827984,-87.643057,BURGLARY,2025-12-09,8,False
C102924,41.887551,-87.606926,NARCOTICS,2025-02-20,10,False
C102925,41.832555,-87.583175,FRAUD,2025-01-26,18,False
C102926,41.855177,-87.606686,ASSAULT,2025-01-31,1,False
C102927,41.894307,-87.592654,ASSAULT,2025-03-05,17,True
C102928,41.895159,-87.600571,ROBBERY,2025-03-13,21,False
C102929,41.881077,-87.665109,MOTOR VEHICLE THEFT,2025-05-09,16,False
C102930,41.882869,-87.626479,THEFT,2025-10-28,6,True
C102931,41.88174,-87.625646,FRAUD,2025-07-14,6,False
C102932,41.894048,-87.59511,NARCOTICS,2025-07-05,15,False
C102933,41.857989,-87.612502,NARCOTICS,2025-10-30,19,False
C102934,41.883102,-87.628884,THEFT,2025-01-24,24,False
C102935,41.872383,-87.627241,ROBBERY,2025-09-25,21,False
C102936,41.87346,-87.579083,NARCOTICS,2025-11-19,9,False
C102937,41.869031,-87.579216,ASSAULT,2025-07-20,12,False
C102938,41.880291,-87.632732,FRAUD,2025-03-17,12,True
C102939,41.893507,-87.671098,VANDALISM,2025-03-12,7,False
C102940,41.852689,-87.612814,NARCOTICS,2025-07-14,3,False
C102941,41.853228,-87.615487,NARCOTICS,2025-07-03,15,False
C102942,41.880369,-87.625973,THEFT,2025-10-23,3,False
C102943,41.923859,-87.652621,FRAUD,2025-06-10,19,False
C102944,41.857043,-87.612398,NARCOTICS,2025-02-22,4,True
C102945,41.873279,-87.63315,VANDALISM,2025-02-11,11,False
C102946,41.898473,-87.602593,ASSAULT,2025-04-25,18,False
C102947,41.846643,-87.613518,NARCOTICS,2025-11-30,14,False
C102948,41.847103,-87.611757,ASSAULT,2025-03-09,9,False
C102949,41.877998,-87.627529,THEFT,2025-11-04,18,False
C102950,41.848905,-87.606313,NARCOTICS,2025-07-14,10,False
C102951,41.87069,-87.578428,VANDALISM,2025-08-12,23,False
C102952,41.886354,-87.660731,BURGLARY,2025-09-26,9,False
C102953,41.857179,-87.653924,ASSAULT,2025-04-01,2,False
C102954,41.88706,-87.669661,BURGLARY,2025-04-28,16,False
C102955,41.833133,-87.678082,ROBBERY,2025-07-30,17,False
C102956,41.853417,-87.64926,NARCOTICS,2025-09-23,16,False
C102957,41.857872,-87.647909,THEFT,2025-04-29,2,False
C102958,41.894754,-87.594113,THEFT,2025-03-25,4,False
C102959,41.893941,-87.596657,BURGLARY,2025-08-25,7,False
C102960,41.847244,-87.61155,MOTOR VEHICLE THEFT,2025-02-22,4,True
C102961,41.877935,-87.632077,NARCOTICS,2025-01-14,17,False
C102962,41.92138,-87.572256,ROBBERY,2025-06-06,22,False
C102963,41.833158,-87.652065,MOTOR VEHICLE THEFT,2025-08-09,5,False
C102964,41.903722,-87.650665,BURGLARY,2025-05-01,24,False
C102965,41.883116,-87.662689,VANDALISM,2025-07-24,16,True
C102966,41.856236,-87.650211,THEFT,2025-04-11,16,False
C102967,41.880523,-87.627506,THEFT,2025-12-04,19,False
C102968,41.882038,-87.665578,ROBBERY,2025-07-24,9,True
C102969,41.854147,-87.614189,ASSAULT,2025-07-28,17,False
C102970,41.894151,-87.593161,ASSAULT,2025-11-17,16,False
C102971,41.850019,-87.579611,ASSAULT,2025-10-13,20,False
C102972,41.854436,-87.653513,THEFT,2025-08-25,5,False
C102973,41.848382,-87.611669,ASSAULT,2025-03-23,15,False
C102974,41.884296,-87.668877,MOTOR VEHICLE THEFT,2025-12-01,20,False
C102975,41.855402,-87.646822,THEFT,2025-07-21,13,True
C102976,41.874177,-87.581596,NARCOTICS,2025-06-24,10,False
C102977,41.837881,-87.638518,FRAUD,2025-04-29,24,False
C102978,41.853562,-87.607664,NARCOTICS,2025-05-05,21,False
C102979,41.849227,-87.61193,NARCOTICS,2025-12-26,9,True
C102980,41.854336,-87.607621,BURGLARY,2025-05-23,23,False
C102981,41.881376,-87.636237,THEFT,2025-12-16,5,False
C102982,41.884681,-87.663052,BURGLARY,2025-12-29,4,False
C102983,41.889286,-87.665697,ROBBERY,2025-03-31,12,False
C102984,41.875209,-87.635195,NARCOTICS,2025-07-31,24,False
C102985,41.858398,-87.650334,FRAUD,2025-08-16,15,False
C102986,41.829879,-87.663629,THEFT,2025-11-09,18,False
C102987,41.874849,-87.63234,THEFT,2025-01-26,9,False
C102988,41.845456,-87.614426,NARCOTICS,2025-03-16,1,False
C102989,41.850833,-87.61162,BURGLARY,2025-07-20,23,True
C102990,41.892512,-87.600458,MOTOR VEHICLE THEFT,2025-11-17,12,False
C102991,41.896216,-87.596055,ROBBERY,2025-12-26,8,False
C102992,41.850994,-87.613529,VANDALISM,2025-09-03,1,True
C102993,41.877292,-87.566222,THEFT,2025-02-20,5,False
C102994,41.887628,-87.664224,THEFT,2025-03-24,22,False
C102995,41.856197,-87.653813,MOTOR VEHICLE THEFT,2025-09-24,13,True
C102996,41.895535,-87.600307,VANDALISM,2025-09-24,17,False
C102997,41.893779,-87.599448,NARCOTICS,2025-07-08,6,True
C102998,41.856528,-87.650922,FRAUD,2025-07-09,3,False
C102999,41.853382,-87.607527,MOTOR VEHICLE THEFT,2025-12-29,16,False
C103000,41.854588,-87.651095,NARCOTICS,2025-05-03,18,False
C103001,41.863399,-87.685248,VANDALISM,2025-05-30,7,False
C103002,41.870939,-87.577302,VANDALISM,2025-10-03,20,False
C103003,41.851218,-87.615974,NARCOTICS,2025-10-29,9,False
C103004,41.851411,-87.606169,VANDALISM,2025-10-28,17,False
C103005,41.836948,-87.641317,MOTOR VEHICLE THEFT,2025-08-06,17,True
C103006,41.877924,-87.631086,THEFT,2025-07-13,18,False
C103007,41.879378,-87.637472,ASSAULT,2025-10-19,17,True
C103008,41.871112,-87.580541,ROBBERY,2025-03-13,18,False
C103009,41.891777,-87.602872,NARCOTICS,2025-11-08,2,False
C103010,41.885643,-87.66098,BURGLARY,2025-10-17,21,True
C103011,41.836001,-87.645721,MOTOR VEHICLE THEFT,2025-08-25,14,False
C103012,41.877963,-87.631232,THEFT,2025-12-13,5,False
C103013,41.879035,-87.629849,ROBBERY,2025-05-08,14,True
C103014,41.856426,-87.655025,FRAUD,2025-07-26,19,False
C103015,41.840883,-87.629274,ROBBERY,2025-08-06,9,False
C103016,41.876294,-87.666057,VANDALISM,2025-04-28,17,False
C103017,41.888714,-87.657734,FRAUD,2025-10-16,9,False
C103018,41.861588,-87.648728,THEFT,2025-10-31,9,False
C103019,41.878207,-87.633902,THEFT,2025-10-27,15,False
C103020,41.851138,-87.613223,NARCOTICS,2025-11-20,9,True
C103021,41.883268,-87.67353,VANDALISM,2025-08-19,19,False
C103022,41.854274,-87.649908,FRAUD,2025-08-12,18,False
C103023,41.844209,-87.618734,VANDALISM,2025-06-16,19,False
C103024,41.886838,-87.66543,BURGLARY,2025-07-08,9,False
C103025,41.855159,-87.65206,THEFT,2025-01-31,21,False
C103026,41.881571,-87.662526,MOTOR VEHICLE THEFT,2025-09-09,24,False
C103027,41.894816,-87.596128,NARCOTICS,2025-02-12,13,False
C103028,41.876967,-87.633061,NARCOTICS,2025-06-09,7,True
C103029,41.849366,-87.590975,ROBBERY,2025-08-24,7,False
C103030,41.855806,-87.573998,NARCOTICS,2025-07-11,24,True
C103031,41.851863,-87.604215,FRAUD,2025-05-25,18,True
C103032,41.851852,-87.613691,BURGLARY,2025-12-04,21,False
C103033,41.877881,-87.63067,BURGLARY,2025-09-05,4,False
C103034,41.891022,-87.65779,ROBBERY,2025-06-15,20,False
C103035,41.88224,-87.63674,NARCOTICS,2025-07-10,1,False
C103036,41.89476,-87.597246,BURGLARY,2025-05-12,18,False
C103037,41.890308,-87.658619,VANDALISM,2025-05-26,4,True
C103038,41.834526,-87.643494,ROBBERY,2025-04-23,8,True
C103039,41.85226,-87.651014,VANDALISM,2025-03-16,2,False
C103040,41.928753,-87.620191,VANDALISM,2025-04-07,16,False
C103041,41.877411,-87.629601,VANDALISM,2025-11-06,11,False
C103042,41.891996,-87.598965,ASSAULT,2025-12-20,8,False
C103043,41.850813,-87.609253,NARCOTICS,2025-04-10,10,False
C103044,41.886194,-87.659807,MOTOR VEHICLE THEFT,2025-11-29,24,False
C103045,41.837978,-87.636845,MOTOR VEHICLE THEFT,2025-08-19,24,False
C103046,41.881674,-87.633924,THEFT,2025-11-17,15,True
C103047,41.875222,-87.58364,VANDALISM,2025-02-07,21,False
C103048,41.894404,-87.60208,ASSAULT,2025-01-06,24,True
C103049,41.886975,-87.661499,BURGLARY,2025-12-18,20,False
C103050,41.894166,-87.598206,ASSAULT,2025-09-08,2,True
C103051,41.879464,-87.634813,THEFT,2025-02-25,18,False
C103052,41.873227,-87.63142,ROBBERY,2025-05-16,14,False
C103053,41.870859,-87.581095,THEFT,2025-07-03,5,False
C103054,41.889449,-87.677761,THEFT,2025-01-26,13,True
C103055,41.894149,-87.60184,ROBBERY,2025-10-24,4,False
C103056,41.885989,-87.627253,MOTOR VEHICLE THEFT,2025-01-01,17,False
C103057,41.877683,-87.66466,MOTOR VEHICLE THEFT,2025-03-26,20,False
C103058,41.890551,-87.601302,THEFT,2025-05-13,16,False
C103059,41.847438,-87.607229,NARCOTICS,2025-08-24,19,True
C103060,41.883807,-87.654222,VANDALISM,2025-03-01,9,False
C103061,41.894725,-87.665647,BURGLARY,2025-05-29,2,False
C103062,41.881157,-87.655512,ASSAULT,2025-08-02,7,False
C103063,41.886203,-87.664282,BURGLARY,2025-12-18,10,False
C103064,41.871918,-87.580801,VANDALISM,2025-05-23,5,False
C103065,41.836329,-87.643938,THEFT,2025-02-18,7,False
C103066,41.852717,-87.655817,NARCOTICS,2025-02-03,23,False
C103067,41.878171,-87.631356,MOTOR VEHICLE THEFT,2025-03-11,14,True
C103068,41.853948,-87.650659,BURGLARY,2025-05-18,22,True
C103069,41.830028,-87.661152,MOTOR VEHICLE THEFT,2025-07-18,11,False
C103070,41.896752,-87.604162,VANDALISM,2025-07-20,5,False
C103071,41.872996,-87.57774,ASSAULT,2025-09-06,12,False
C103072,41.858775,-87.652706,MOTOR VEHICLE THEFT,2025-10-05,24,False
C103073,41.879049,-87.630454,THEFT,2025-07-30,15,False
C103074,41.891477,-87.598323,ROBBERY,2025-01-30,9,False
C103075,41.888042,-87.669029,ASSAULT,2025-03-08,19,False
C103076,41.866469,-87.573396,ROBBERY,2025-11-15,17,False
C103077,41.85177,-87.613666,NARCOTICS,2025-06-28,22,False
C103078,41.89488,-87.592914,ASSAULT,2025-07-20,21,False
C103079,41.854866,-87.610346,THEFT,2025-01-24,12,False
C103080,41.894002,-87.598622,MOTOR VEHICLE THEFT,2025-12-19,20,False
C103081,41.832793,-87.629966,FRAUD,2025-09-03,10,False
C103082,41.894777,-87.602617,NARCOTICS,2025-05-04,11,True
C103083,41.890385,-87.657371,ASSAULT,2025-05-01,21,False
C103084,41.895352,-87.596821,ASSAULT,2025-01-30,22,False
C103085,41.878402,-87.631496,VANDALISM,2025-12-17,1,True
C103086,41.876827,-87.634924,ASSAULT,2025-12-11,24,False
C103087,41.871975,-87.575511,VANDALISM,2025-05-27,19,False
C103088,41.87449,-87.631075,NARCOTICS,2025-11-27,24,False
C103089,41.914498,-87.670846,ROBBERY,2025-01-19,2,True
C103090,41.85034,-87.608341,BURGLARY,2025-08-16,22,False
C103091,41.85408,-87.611804,NARCOTICS,2025-01-05,8,False
C103092,41.874223,-87.631214,THEFT,2025-12-06,18,False
C103093,41.839155,-87.632328,FRAUD,2025-05-01,23,False
C103094,41.854288,-87.651858,ROBBERY,2025-11-14,3,False
C103095,,-87.6,THEFT,2025-04-06,8,False
C103096,41.872438,-87.575678,BURGLARY,2025-01-05,20,False
C103097,41.852927,-87.609185,ASSAULT,2025-12-13,2,False
C103098,41.844793,-87.614863,NARCOTICS,2025-06-20,13,False
C103099,41.87503,-87.637577,THEFT,2025-10-12,4,False
C103100,41.856752,-87.655036,BURGLARY,2025-07-18,5,False
C103101,41.884624,-87.666695,MOTOR VEHICLE THEFT,2025-05-15,23,False
C103102,41.829343,-87.618108,THEFT,2025-02-19,19,False
C103103,41.825893,-87.693471,ASSAULT,2025-04-05,10,False
C103104,41.886292,-87.662337,MOTOR VEHICLE THEFT,2025-04-03,9,False
C103105,41.855021,-87.649748,THEFT,2025-01-25,9,False
C103106,41.875306,-87.633996,THEFT,2025-01-22,20,False
C103107,41.828999,-87.663209,ROBBERY,2025-02-15,22,False
C103108,41.870996,-87.57992,ASSAULT,2025-03-29,11,False
C103109,41.851031,-87.612503,THEFT,2025-09-28,21,False
C103110,41.871863,-87.578367,FRAUD,2025-09-04,17,False
C103111,41.926097,-87.683568,THEFT,2025-01-21,6,True
C103112,41.878212,-87.632689,FRAUD,2025-12-26,7,False
C103113,41.8506,-87.613554,ASSAULT,2025-10-14,3,False
C103114,41.830563,-87.65727,ROBBERY,2025-12-16,15,True
C103115,41.855599,-87.616259,BURGLARY,2025-05-25,22,False
C103116,41.856927,-87.652608,THEFT,2025-10-05,21,False
C103117,41.896067,-87.59696,ASSAULT,2025-09-07,10,False
C103118,41.901617,-87.609797,ASSAULT,2025-11-27,5,False
C103119,41.887984,-87.67178,MOTOR VEHICLE THEFT,2025-08-13,12,False
C103120,41.873894,-87.626646,ROBBERY,2025-06-07,14,False
C103121,41.874532,-87.632333,ROBBERY,2025-02-09,4,False
C103122,41.869571,-87.579437,ASSAULT,2025-07-25,8,False
C103123,41.849688,-87.606036,NARCOTICS,2025-10-03,10,False
C103124,41.879222,-87.632166,THEFT,2025-11-30,16,True
C103125,41.890883,-87.599233,ASSAULT,2025-11-17,22,False
C103126,41.860587,-87.692486,ROBBERY,2025-01-01,11,False
C103127,41.845713,-87.613329,FRAUD,2025-02-10,22,True
C103128,41.87136,-87.579678,VANDALISM,2025-04-06,2,False
C103129,41.885905,-87.590126,MOTOR VEHICLE THEFT,2025-12-21,5,False
C103130,41.871391,-87.630381,ROBBERY,2025-03-17,3,False
C103131,41.882256,-87.635251,ROBBERY,2025-10-22,16,False
C103132,41.854832,-87.650874,MOTOR VEHICLE THEFT,2025-12-19,3,False
C103133,41.848961,-87.600024,VANDALISM,2025-08-09,4,True
C103134,41.893167,-87.593743,VANDALISM,2025-08-28,9,False
C103135,41.848111,-87.60603,BURGLARY,2025-09-12,13,True
C103136,41.892902,-87.599219,THEFT,2025-06-01,10,True
C103137,41.884812,-87.657395,ROBBERY,2025-01-17,19,False
C103138,41.877908,-87.628812,THEFT,2025-06-11,22,False
C103139,41.89613,-87.595782,THEFT,2025-03-24,7,False
C103140,41.894847,-87.597542,ROBBERY,2025-12-19,4,False
C103141,41.851535,-87.594912,BURGLARY,2025-11-27,15,False
C103142,41.853071,-87.651884,FRAUD,2025-09-16,17,True
C103143,41.873851,-87.581667,MOTOR VEHICLE THEFT,2025-11-11,5,False
C103144,41.894485,-87.600059,THEFT,2025-10-23,2,True
C103145,41.856737,-87.652071,FRAUD,2025-03-21,7,False
C103146,41.898272,-87.65876,FRAUD,2025-06-22,17,False
C103147,41.88926,-87.663479,BURGLARY,2025-07-19,16,False
C103148,41.880456,-87.672049,FRAUD,2025-12-27,4,False
C103149,41.878286,-87.628198,FRAUD,2025-05-06,9,False
C103150,41.880005,-87.628927,ROBBERY,2025-04-06,15,False
C103151,41.856521,-87.612561,MOTOR VEHICLE THEFT,2025-03-10,6,False
C103152,41.87432,-87.634367,FRAUD,2025-03-21,7,True
C103153,41.889238,-87.667994,BURGLARY,2025-10-13,8,False
C103154,41.85455,-87.684539,NARCOTICS,2025-07-13,8,False
C103155,41.848983,-87.620209,NARCOTICS,2025-09-04,19,True
C103156,41.848778,-87.608681,BURGLARY,2025-12-01,24,False
C103157,41.890068,-87.659937,VANDALISM,2025-01-25,11,True
C103158,41.891444,-87.669134,THEFT,2025-07-24,18,False
C103159,41.895856,-87.596985,ASSAULT,2025-09-02,15,False
C103160,41.887068,-87.670112,ASSAULT,2025-06-15,19,True
C103161,41.853447,-87.612932,ROBBERY,2025-01-05,7,False
C103162,41.890637,-87.597971,BURGLARY,2025-08-10,24,False
C103163,41.889563,-87.661828,MOTOR VEHICLE THEFT,2025-02-04,15,False
C103164,41.838958,-87.637246,BURGLARY,2025-03-27,1,False
C103165,41.88996,-87.662913,BURGLARY,2025-06-01,2,False
C103166,41.880858,-87.629458,BURGLARY,2025-05-29,23,False
C103167,41.857356,-87.587662,FRAUD,2025-01-13,2,False
C103168,41.84511,-87.615182,NARCOTICS,2025-11-24,9,False
C103169,41.860707,-87.611573,NARCOTICS,2025-07-09,6,False
C103170,41.891844,-87.661646,BURGLARY,2025-03-25,19,False
C103171,41.877778,-87.625455,NARCOTICS,2025-09-07,19,False
C103172,41.850704,-87.597674,NARCOTICS,2025-12-11,23,False
C103173,41.875054,-87.63076,ASSAULT,2025-04-05,5,False
C103174,41.880138,-87.563443,MOTOR VEHICLE THEFT,2025-07-21,17,False
C103175,41.87822,-87.631066,THEFT,2025-09-12,11,True
C103176,41.895643,-87.661319,NARCOTICS,2025-12-23,17,False
C103177,41.885584,-87.669282,BURGLARY,2025-01-27,24,True
C103178,41.922963,-87.675589,FRAUD,2025-06-30,5,False
C103179,41.85136,-87.607497,BURGLARY,2025-02-02,6,False
C103180,41.896726,-87.599309,ASSAULT,2025-04-07,9,True
C103181,41.850083,-87.620518,VANDALISM,2025-07-01,4,False
C103182,41.890493,-87.674837,MOTOR VEHICLE THEFT,2025-06-06,11,False
C103183,41.856446,-87.609441,NARCOTICS,2025-01-11,7,False
C103184,41.882549,-87.665183,VANDALISM,2025-05-11,2,False
C103185,41.873583,-87.630589,ROBBERY,2025-10-04,13,True
C103186,41.854056,-87.651075,THEFT,2025-07-22,15,False
C103187,41.825649,-87.670396,ASSAULT,2025-11-22,22,False
C103188,41.884385,-87.626864,ROBBERY,2025-10-28,20,False
C103189,41.882183,-87.665252,ROBBERY,2025-01-03,1,True
C103190,41.891083,-87.600806,BURGLARY,2025-03-30,21,False
C103191,41.844438,-87.617768,ASSAULT,2025-10-19,13,False
C103192,41.882018,-87.66281,VANDALISM,2025-06-29,7,False
C103193,41.847187,-87.614553,BURGLARY,2025-07-27,1,True
C103194,41.849336,-87.67159,ROBBERY,2025-03-04,24,False
C103195,41.84899,-87.610346,NARCOTICS,2025-12-22,24,False
C103196,41.908353,-87.649114,BURGLARY,2025-10-26,13,False
C103197,41.878538,-87.634343,FRAUD,2025-10-20,11,False
C103198,41.833934,-87.64563,FRAUD,2025-06-27,18,False
C103199,41.901437,-87.644198,THEFT,2025-11-26,17,False
C103200,41.875188,-87.62435,ASSAULT,2025-11-05,5,False
C103201,41.908154,-87.656601,VANDALISM,2025-11-08,7,False
C103202,41.884225,-87.663307,BURGLARY,2025-11-06,11,False
C103203,41.889142,-87.665606,FRAUD,2025-11-08,12,False
C103204,41.893786,-87.598769,ASSAULT,2025-09-30,2,True
C103205,41.876539,-87.630467,MOTOR VEHICLE THEFT,2025-10-04,20,True
C103206,41.870343,-87.578117,NARCOTICS,2025-05-30,5,False
C103207,41.879926,-87.623595,ASSAULT,2025-11-27,3,True
C103208,41.877252,-87.632064,THEFT,2025-11-01,21,False
C103209,41.852876,-87.594005,MOTOR VEHICLE THEFT,2025-02-01,6,False
C103210,41.891009,-87.597721,BURGLARY,2025-12-14,9,False
C103211,41.883966,-87.656281,FRAUD,2025-10-21,8,False
C103212,41.851428,-87.651326,FRAUD,2025-02-19,4,False
C103213,41.880416,-87.636527,BURGLARY,2025-09-05,20,False
C103214,41.843957,-87.613314,NARCOTICS,2025-07-22,12,False
C103215,41.828623,-87.660368,VANDALISM,2025-05-13,22,False
C103216,41.885806,-87.665282,BURGLARY,2025-10-01,23,True
C103217,41.831123,-87.655481,NARCOTICS,2025-06-09,18,False
C103218,41.880153,-87.626065,ROBBERY,2025-05-27,19,False
C103219,41.897364,-87.600192,ASSAULT,2025-02-11,6,False
C103220,41.85799,-87.654222,THEFT,2025-08-03,8,False
C103221,41.852307,-87.653846,NARCOTICS,2025-04-24,8,False
C103222,41.88335,-87.669197,BURGLARY,2025-04-22,24,False
C103223,41.848322,-87.612694,NARCOTICS,2025-09-18,18,False
C103224,41.890168,-87.659843,BURGLARY,2025-12-11,8,False
C103225,41.894535,-87.598126,NARCOTICS,2025-07-21,11,False
C103226,41.868527,-87.664121,MOTOR VEHICLE THEFT,2025-12-07,23,False
C103227,41.831098,-87.656921,MOTOR VEHICLE THEFT,2025-12-05,9,False
C103228,41.879365,-87.62711,ROBBERY,2025-06-23,17,False
C103229,41.871161,-87.577059,MOTOR VEHICLE THEFT,2025-04-04,24,False
C103230,41.895576,-87.595461,ASSAULT,2025-11-25,23,False
C103231,41.884458,-87.624169,FRAUD,2025-03-25,7,False
C103232,41.869771,-87.694727,THEFT,2025-02-26,17,False
C103233,41.872708,-87.581265,THEFT,2025-09-27,19,True
C103234,41.889258,-87.674216,VANDALISM,2025-09-25,15,False
C103235,41.876018,-87.62997,ROBBERY,2025-12-16,5,False
C103236,41.882478,-87.665154,VANDALISM,2025-01-07,5,False
C103237,41.8882,-87.65795,ASSAULT,2025-05-15,22,False
C103238,41.893606,-87.660678,VANDALISM,2025-07-16,14,False
C103239,41.847184,-87.607037,MOTOR VEHICLE THEFT,2025-05-24,7,False
C103240,41.834566,-87.647175,ASSAULT,2025-01-05,3,True
C103241,41.873151,-87.626605,ROBBERY,2025-01-20,23,False
C103242,41.875723,-87.632444,THEFT,2025-06-08,3,False
C103243,41.89007,-87.594159,NARCOTICS,2025-03-27,18,False
C103244,41.831433,-87.656739,MOTOR VEHICLE THEFT,2025-05-16,5,False
C103245,41.831765,-87.657574,THEFT,2025-11-28,21,False
C103246,41.891963,-87.59946,ASSAULT,2025-01-04,13,False
C103247,41.896817,-87.59976,MOTOR VEHICLE THEFT,2025-12-23,16,False
C103248,41.880439,-87.635681,MOTOR VEHICLE THEFT,2025-12-27,3,False
C103249,41.896486,-87.60278,THEFT,2025-06-29,3,True
